segment_id,level,province_count,endpoint_a,endpoint_b,vp_a,vp_b,regional_floor,endpoint_boost,boost_reason,state_a,state_b,owner_a,owner_b,province_list
1,3,7,5702,4387,0,0,3,2,none,"Mason, MI","Saginaw, MI",WOL,WOL,5702 4434 2896 3021 5694 4553 4387
2,3,4,4387,2201,0,0,3,2,none,"Saginaw, MI","Flint, MI",WOL,EFG,4387 5730 3797 2201
3,5,2,2201,3574,0,10,3,5,dense_metro,"Flint, MI","Oakland, MI",EFG,DET,2201 3574
4,5,2,3574,3515,10,10,3,5,dense_metro,"Oakland, MI","Detroit Metro, MI",DET,DET,3574 3515
5,5,2,3515,4649,10,45,3,5,dense_metro,"Detroit Metro, MI","Detroit, MI",DET,DET,3515 4649
6,5,5,3031,4253,16,16,3,5,dense_metro,"Kent, MI","East Lansing, MI",EFG,EFG,3031 4838 777 5774 4253
7,5,4,4253,3515,16,10,3,5,dense_metro,"East Lansing, MI","Detroit Metro, MI",EFG,DET,4253 4556 5770 3515
8,5,2,3515,4649,10,45,3,5,dense_metro,"Detroit Metro, MI","Detroit, MI",DET,DET,3515 4649
9,5,2,4253,5749,16,0,3,5,dense_urban_link,"East Lansing, MI","Flint, MI",EFG,EFG,4253 5749
10,3,2,5749,2201,0,0,3,2,none,"Flint, MI","Flint, MI",EFG,EFG,5749 2201
11,3,5,2201,4893,0,0,3,2,none,"Flint, MI","St. Clair, MI",EFG,DET,2201 4341 5746 1330 4893
12,5,3,4893,4649,0,45,3,5,dense_metro,"St. Clair, MI","Detroit, MI",DET,DET,4893 5763 4649
13,5,3,5749,3574,0,10,3,5,dense_metro,"Flint, MI","Oakland, MI",EFG,DET,5749 3618 3574
14,3,2,4387,2053,0,6,3,2,none,"Saginaw, MI","Saginaw, MI",WOL,WOL,4387 2053
15,5,2,4073,2541,50,10,3,5,major_corridor,"Chicago, IL","Gary, IN",EFG,EFG,4073 2541
16,3,2,2541,83,10,0,3,2,none,"Gary, IN","Gary, IN",EFG,EFG,2541 83
17,3,3,83,3436,0,10,3,2,none,"Gary, IN","Kalamazoo, MI",EFG,EFG,83 5808 3436
18,5,6,3436,3515,10,10,3,5,dense_metro,"Kalamazoo, MI","Detroit Metro, MI",EFG,DET,3436 5787 2902 4934 2598 3515
19,3,4,3436,83,10,0,3,2,none,"Kalamazoo, MI","Gary, IN",EFG,EFG,3436 4596 2272 83
20,5,2,4649,3515,45,10,3,5,dense_metro,"Detroit, MI","Detroit Metro, MI",DET,DET,4649 3515
21,5,4,3515,5077,10,0,3,5,dense_metro,"Detroit Metro, MI","Williams, OH",DET,EFG,3515 4209 5801 5077
22,5,2,5077,3924,0,25,3,5,dense_metro,"Williams, OH","Toledo, OH",EFG,SOH,5077 3924
23,3,2,3924,5839,25,0,3,3,regional_city,"Toledo, OH","Toledo, OH",SOH,SOH,3924 5839
24,3,3,5839,4140,0,0,3,2,none,"Toledo, OH","Toledo, OH",SOH,SOH,5839 1088 4140
25,3,4,4140,3010,0,16,3,3,regional_city,"Toledo, OH","Dayton, OH",SOH,SOH,4140 5877 4697 3010
26,3,3,3010,5963,16,25,3,3,regional_city,"Dayton, OH","Cincinnati, OH",SOH,SOH,3010 4377 5963
27,3,3,5963,3523,25,0,3,3,regional_city,"Cincinnati, OH","Bartholomew, IN",SOH,IMA,5963 3538 3523
28,3,4,3523,5998,0,0,3,2,none,"Bartholomew, IN","Bartholomew, IN",IMA,IMA,3523 22 2848 5998
29,3,8,5998,6019,0,0,3,2,none,"Bartholomew, IN","Mount Vernon, IL",IMA,USM,5998 5997 2478 6003 995 924 489 6019
30,3,2,6019,6011,0,0,3,2,none,"Mount Vernon, IL","Springfield, IL",USM,USM,6019 6011
31,3,2,6011,1221,0,0,3,2,none,"Springfield, IL","Springfield, IL",USM,USM,6011 1221
32,4,2,1221,3756,0,35,3,4,city_link,"Springfield, IL","St. Louis, MO",USM,USM,1221 3756
33,4,2,3756,4847,35,0,3,4,city_link,"St. Louis, MO","Gasconade, MO",USM,USM,3756 4847
34,3,9,4847,4498,0,16,2,3,regional_city,"Gasconade, MO","Kansas City, MO",USM,CKC,4847 4368 930 766 6009 2127 2304 1428 4498
35,3,4,5077,83,0,0,3,2,none,"Williams, OH","Gary, IN",EFG,EFG,5077 3880 5826 83
36,3,4,3924,256,25,0,3,3,regional_city,"Toledo, OH","Cleveland, OH",SOH,REO,3924 1918 3972 256
37,3,2,256,5827,0,30,3,3,regional_city,"Cleveland, OH","Cleveland, OH",REO,REO,256 5827
38,3,2,5827,3111,30,0,3,3,regional_city,"Cleveland, OH","Lake, Ohio",REO,REO,5827 3111
39,3,4,3111,18,0,15,3,2,none,"Lake, Ohio","Erie, PA",REO,ERE,3111 3933 5793 18
40,3,2,18,4282,15,0,3,2,none,"Erie, PA","Chautauqua, NY",ERE,ERE,18 4282
41,3,2,4282,1127,0,0,3,2,none,"Chautauqua, NY","Chautauqua, NY",ERE,ERE,4282 1127
42,5,2,1127,317,0,25,3,5,dense_metro,"Chautauqua, NY","Hamburg, NY",ERE,ERE,1127 317
43,5,3,317,3729,25,6,3,5,dense_metro,"Hamburg, NY","Buffalo, NY",ERE,ROC,317 3954 3729
44,3,2,3729,2689,6,0,3,2,none,"Buffalo, NY","Genesse, NY",ROC,ROC,3729 2689
45,5,2,2689,9,0,35,3,5,dense_metro,"Genesse, NY","Monroe, NY",ROC,ROC,2689 9
46,5,3,9,1604,35,0,3,5,dense_metro,"Monroe, NY","Onondaga, NY",ROC,ITH,9 4265 1604
47,3,3,3729,4966,6,0,3,2,none,"Buffalo, NY","Genesse, NY",ROC,ROC,3729 2687 4966
48,5,2,4966,9,0,35,3,5,dense_metro,"Genesse, NY","Monroe, NY",ROC,ROC,4966 9
49,3,5,4966,5734,0,0,3,2,none,"Genesse, NY","Steuben, NY",ROC,ITH,4966 4923 4222 5731 5734
50,3,2,5734,4520,0,0,3,2,none,"Steuben, NY","Steuben, NY",ITH,ITH,5734 4520
51,5,5,1604,5663,0,35,3,5,dense_metro,"Onondaga, NY","Albany, NY",ITH,ALB,1604 354 1129 3904 5663
52,5,2,5663,3323,35,0,3,5,dense_metro,"Albany, NY","Schenectady, NY",ALB,ALB,5663 3323
53,5,3,5663,5695,35,0,3,5,dense_metro,"Albany, NY","Columbia, NY",ALB,ALB,5663 3171 5695
54,3,2,5695,1265,0,6,3,2,none,"Columbia, NY","Berkshire, MA",ALB,MCA,5695 1265
55,3,2,1265,2161,6,0,3,2,none,"Berkshire, MA","Berkshire, MA",MCA,MCA,1265 2161
56,5,4,2161,1183,0,16,3,5,dense_metro,"Berkshire, MA","Essex, MA",MCA,BRA,2161 4362 3248 1183
57,5,11,1183,2161,16,0,3,5,dense_metro,"Essex, MA","Berkshire, MA",BRA,MCA,1183 5666 4572 803 218 5717 864 2772 3427 4754 2161
58,3,2,2161,1265,0,6,3,2,none,"Berkshire, MA","Berkshire, MA",MCA,MCA,2161 1265
59,5,3,5663,4210,35,0,3,5,dense_metro,"Albany, NY","Delaware, NY",ALB,ALB,5663 4679 4210
60,3,4,4520,5724,0,0,3,2,none,"Steuben, NY","Ithaca, NY",ITH,ITH,4520 1793 3884 5724
61,3,3,5724,4210,0,0,3,2,none,"Ithaca, NY","Delaware, NY",ITH,ALB,5724 5722 4210
62,3,4,5734,5760,0,0,3,2,none,"Steuben, NY","Chautauqua, NY",ITH,ERE,5734 5743 5747 5760
63,3,4,5760,1127,0,0,3,2,none,"Chautauqua, NY","Chautauqua, NY",ERE,ERE,5760 3650 5754 1127
64,3,3,3323,4083,0,0,3,2,none,"Schenectady, NY","Troy, NY",ALB,ALB,3323 5648 4083
65,3,2,4083,2561,0,0,3,2,none,"Troy, NY","Troy, NY",ALB,ALB,4083 2561
66,4,5,2561,4179,0,0,3,5,dense_metro,"Troy, NY","Monteregie, QC",ALB,CAN,2561 5622 4077 1218 4179
67,3,2,4179,6714,0,45,3,5,dense_metro,"Monteregie, QC","ile de Montreal, QC",CAN,CAN,4179 6714
68,5,2,4073,4497,50,0,3,5,major_corridor,"Chicago, IL","Chicago, IL",EFG,EFG,4073 4497
69,5,2,4497,3396,0,0,3,5,dense_metro,"Chicago, IL","Chicago Metro, IL",EFG,EFG,4497 3396
70,5,4,3396,2642,0,0,3,5,dense_metro,"Chicago Metro, IL","Milwaukee, WI",EFG,EFG,3396 3145 1318 2642
71,5,5,2642,3225,0,0,3,5,dense_metro,"Milwaukee, WI","Green Bay, WI",EFG,EFG,2642 5741 674 5700 3225
72,3,10,1265,5558,6,0,3,2,none,"Berkshire, MA","Eastern Townships, QC",MCA,CAN,1265 514 4286 5624 2597 4695 1556 909 4055 5558
73,3,2,5558,3125,0,0,3,2,none,"Eastern Townships, QC","Eastern Townships, QC",CAN,CAN,5558 3125
74,3,2,3125,4179,0,0,3,5,dense_metro,"Eastern Townships, QC","Monteregie, QC",CAN,CAN,3125 4179
75,5,11,1183,2822,16,0,3,5,dense_metro,"Essex, MA","Somerset, ME",BRA,CMM,1183 3233 1063 1306 2263 344 4325 3399 3034 1267 2822
76,3,4,2822,2337,0,0,3,2,none,"Somerset, ME","Downeast, ME",CMM,SOM,2822 5537 5027 2337
77,5,3,2822,3636,0,0,3,5,dense_metro,"Somerset, ME","Mecklenberg, NC",CMM,CMM,2822 581 3636
78,4,6,3636,2425,0,0,3,5,dense_metro,"Mecklenberg, NC","St. John, NB",CMM,CAN,3636 5508 1864 5491 518 2425
79,3,2,2425,244,0,0,3,2,none,"St. John, NB","St. John, NB",CAN,CAN,2425 244
80,3,10,4159,5558,0,0,3,2,none,"Somerset, ME","Eastern Townships, QC",CMM,CAN,4159 1791 3311 3690 1570 3537 4266 1624 1778 5558
81,4,9,4893,2062,0,0,3,5,dense_metro,"St. Clair, MI",British Columbia,DET,CAN,4893 5752 4843 5718 3682 1465 345 449 2062
82,3,2,2062,4245,0,0,3,5,dense_metro,British Columbia,British Columbia,CAN,CAN,2062 4245
83,3,8,4245,5552,0,0,3,5,dense_metro,British Columbia,Ontario,CAN,CAN,4245 4241 2174 3340 208 1745 3156 5552
84,3,9,5552,1865,0,0,3,5,dense_metro,Ontario,Ontario,CAN,CAN,5552 2544 5502 2065 1946 2768 5464 3314 1865
85,3,6,1865,5421,0,0,3,2,none,Ontario,Ontario,CAN,CAN,1865 3193 991 1903 636 5421
86,3,2,2062,4472,0,0,3,5,dense_metro,British Columbia,British Columbia,CAN,CAN,2062 4472
87,4,4,4472,2689,0,0,3,5,dense_metro,British Columbia,"Genesse, NY",CAN,ROC,4472 136 2529 2689
88,4,9,4472,4649,0,45,3,5,dense_metro,British Columbia,"Detroit, MI",CAN,DET,4472 4208 1305 3744 1947 5772 3791 5783 4649
89,5,8,5695,5784,0,25,3,5,dense_metro,"Columbia, NY","Sussex, NJ",ALB,PHI,5695 5712 703 4394 8869 8863 8867 5784
90,5,2,5784,4334,25,0,3,5,dense_metro,"Sussex, NJ","Sussex, NJ",PHI,PHI,5784 4334
91,5,4,5784,4650,25,45,3,5,dense_metro,"Sussex, NJ","Philadelphia, PA",PHI,PHI,5784 1640 4737 4650
92,5,3,4650,3334,45,0,3,5,dense_metro,"Philadelphia, PA","Harford, MD",PHI,PHI,4650 1561 3334
93,5,2,4650,1045,45,0,3,5,dense_metro,"Philadelphia, PA","Bucks, PA",PHI,PHI,4650 1045
94,5,7,1045,2022,0,75,3,5,major_corridor,"Bucks, PA",District of Columbia,PHI,DCO,1045 2625 4970 1885 4329 1752 2022
95,3,4,5724,2828,0,0,3,2,none,"Ithaca, NY","Lackawanna, PA",ITH,PHI,5724 4761 2403 2828
96,5,3,2828,5807,0,16,3,5,dense_urban_link,"Lackawanna, PA","Lehigh, PA",PHI,PHI,2828 2422 5807
97,5,2,5807,1045,16,0,3,5,dense_metro,"Lehigh, PA","Bucks, PA",PHI,PHI,5807 1045
98,3,3,2828,4334,0,0,3,2,none,"Lackawanna, PA","Sussex, NJ",PHI,PHI,2828 1096 4334
99,5,4,1045,1547,0,10,3,5,dense_metro,"Bucks, PA","Lancester, PA",PHI,PHI,1045 2436 4735 1547
100,5,8,1547,5858,10,40,3,5,dense_metro,"Lancester, PA","Allegheny, PA",PHI,RWP,1547 1790 4824 520 3571 509 5860 5858
101,5,4,5858,5840,40,0,3,5,dense_metro,"Allegheny, PA","Lawrence, PA",RWP,RWP,5858 5863 236 5840
102,3,4,5840,3111,0,0,3,2,none,"Lawrence, PA","Lake, Ohio",RWP,REO,5840 2021 5811 3111
103,5,5,5807,1547,16,10,3,5,dense_urban_link,"Lehigh, PA","Lancester, PA",PHI,PHI,5807 5822 1495 5836 1547
104,3,3,4282,18,0,15,3,2,none,"Chautauqua, NY","Erie, PA",ERE,ERE,4282 4530 18
105,5,6,18,5858,15,40,3,5,dense_metro,"Erie, PA","Allegheny, PA",ERE,RWP,18 4234 5824 5832 1157 5858
106,5,10,2022,131,75,4,3,5,major_corridor,District of Columbia,"Alleghany, MD",DCO,RWV,2022 5902 4621 4108 2826 4188 5900 5899 3819 131
107,5,5,131,5858,4,40,3,5,dense_metro,"Alleghany, MD","Allegheny, PA",RWV,RWP,131 5890 2143 5091 5858
108,3,2,5839,1891,0,0,3,2,none,"Toledo, OH","Sandusky, OH",SOH,SOH,5839 1891
109,5,3,1891,1450,0,0,3,5,dense_metro,"Sandusky, OH","Columbus, OH",SOH,SOH,1891 1858 1450
110,5,2,1450,5016,0,35,3,5,dense_metro,"Columbus, OH","Columbus, OH",SOH,SOH,1450 5016
111,5,3,5016,4587,35,0,3,5,dense_metro,"Columbus, OH","Athens, OH",SOH,SOH,5016 3259 4587
112,3,3,4587,4936,0,0,3,2,none,"Athens, OH","Floyd County, KY",SOH,TMA,4587 1482 4936
113,3,3,256,5861,0,0,3,2,none,"Cleveland, OH","Richland, OH",REO,SOH,256 1362 5861
114,5,3,5861,1450,0,0,3,5,dense_metro,"Richland, OH","Columbus, OH",SOH,SOH,5861 5872 1450
115,3,2,5840,810,0,0,3,2,none,"Lawrence, PA","Cabell, WV",RWP,REO,5840 810
116,3,6,810,5861,0,0,3,2,none,"Cabell, WV","Richland, OH",REO,SOH,810 5842 2404 2099 3708 5861
117,3,3,5861,1891,0,0,3,2,none,"Richland, OH","Sandusky, OH",SOH,SOH,5861 5055 1891
118,3,3,1891,4140,0,0,3,2,none,"Sandusky, OH","Toledo, OH",SOH,SOH,1891 5862 4140
119,3,6,4140,5865,0,0,3,2,none,"Toledo, OH","Jasper, IN",SOH,EFG,4140 4507 3024 228 2593 5865
120,3,3,5865,2541,0,10,3,2,none,"Jasper, IN","Gary, IN",EFG,EFG,5865 1781 2541
121,5,9,810,5016,0,35,3,5,dense_metro,"Cabell, WV","Columbus, OH",REO,SOH,810 5856 819 5870 5873 1368 3345 5907 5016
122,5,4,5016,3010,35,16,3,5,dense_metro,"Columbus, OH","Dayton, OH",SOH,SOH,5016 3301 5908 3010
123,3,3,3010,5919,16,0,3,3,regional_city,"Dayton, OH","Dayton, OH",SOH,SOH,3010 2630 5919
124,3,9,131,4587,4,0,3,2,none,"Alleghany, MD","Athens, OH",RWV,SOH,131 4958 5934 3064 5942 2445 1383 2082 4587
125,3,6,4587,5963,0,25,3,3,regional_city,"Athens, OH","Cincinnati, OH",SOH,SOH,4587 4774 2923 3516 914 5963
126,3,2,5865,1648,0,0,3,2,none,"Jasper, IN","Jasper, IN",EFG,EFG,5865 1648
127,3,5,1648,463,0,0,3,2,none,"Jasper, IN","Delaware, IN",EFG,IMA,1648 563 2278 4460 463
128,3,2,463,5919,0,0,3,2,none,"Delaware, IN","Dayton, OH",IMA,SOH,463 5919
129,5,5,1648,5933,0,0,3,5,dense_metro,"Jasper, IN","Indianapolis, IN",EFG,IMA,1648 1620 5894 5910 5933
130,5,2,5933,4840,0,30,3,5,dense_metro,"Indianapolis, IN","Indianapolis, IN",IMA,IMA,5933 4840
131,5,4,4840,5998,30,0,3,5,dense_metro,"Indianapolis, IN","Bartholomew, IN",IMA,IMA,4840 4972 4866 5998
132,3,15,5998,1156,0,0,3,2,none,"Bartholomew, IN","Huntsville, AL",IMA,TMA,5998 1479 1874 2 493 5028 3383 6105 6116 2075 3704 772 6175 6186 1156
133,3,2,1156,3109,0,0,3,2,none,"Huntsville, AL","Morgan, AL",TMA,BIR,1156 3109
134,3,4,3109,6253,0,0,3,2,none,"Morgan, AL","Birmingham, AL",BIR,BIR,3109 4074 2513 6253
135,3,2,6253,4096,0,30,3,3,regional_city,"Birmingham, AL","Birmingham, AL",BIR,BIR,6253 4096
136,4,2,4096,758,30,25,3,4,city_link,"Birmingham, AL","Tuscaloosa, AL",BIR,BIR,4096 758
137,3,2,758,2284,25,0,3,3,regional_city,"Tuscaloosa, AL","Autauga, AL",BIR,BIR,758 2284
138,3,3,2284,1912,0,25,3,3,regional_city,"Autauga, AL","Montgomery, Al",BIR,ALF,2284 3665 1912
139,3,4,1912,874,25,0,3,3,regional_city,"Montgomery, Al","Montgomery, Al",ALF,ALF,1912 6310 1468 874
140,3,3,874,379,0,10,3,2,none,"Montgomery, Al","Dothan, AL",ALF,GCC,874 454 379
141,3,2,379,1022,10,0,3,2,none,"Dothan, AL","Escambia, FL",GCC,GCC,379 1022
142,3,3,1022,6372,0,0,3,2,none,"Escambia, FL","Escambia, FL",GCC,GCC,1022 4119 6372
143,3,2,5963,3224,25,6,3,3,regional_city,"Cincinnati, OH","Covington, KY",SOH,TMA,5963 3224
144,3,5,3224,4936,6,0,3,2,none,"Covington, KY","Floyd County, KY",TMA,TMA,3224 1917 5995 1829 4936
145,3,2,4936,4193,0,0,3,2,none,"Floyd County, KY","Floyd County, KY",TMA,TMA,4936 4193
146,3,7,4193,6017,0,0,3,2,none,"Floyd County, KY","Lynchburg, VA",TMA,SVR,4193 1446 3121 4514 5043 3060 6017
147,3,3,6017,4418,0,10,3,2,none,"Lynchburg, VA","Lynchburg, VA",SVR,SVR,6017 1421 4418
148,3,5,4418,4496,10,0,3,2,none,"Lynchburg, VA","Prince George, VA",SVR,SVR,4418 6021 3250 6029 4496
149,3,2,4496,1758,0,0,3,2,none,"Prince George, VA","Prince George, VA",SVR,SVR,4496 1758
150,5,2,1758,5089,0,0,3,5,dense_metro,"Prince George, VA","Hampton Roads, VA",SVR,NOR,1758 5089
151,5,6,5089,4128,0,35,3,5,dense_metro,"Hampton Roads, VA","Richmond, VA",NOR,SVR,5089 1558 4569 4174 3674 4128
152,5,3,4128,2874,35,0,3,5,dense_metro,"Richmond, VA","Spotslyvania, VA",SVR,SVR,4128 5996 2874
153,3,3,2874,360,0,0,3,2,none,"Spotslyvania, VA","Albemarle, VA",SVR,SVR,2874 5990 360
154,3,3,360,6017,0,0,3,2,none,"Albemarle, VA","Lynchburg, VA",SVR,SVR,360 5059 6017
155,3,7,4193,2863,0,0,3,2,none,"Floyd County, KY","Washington, VA",TMA,TMA,4193 4471 2707 175 2855 6056 2863
156,3,4,2863,6017,0,0,3,2,none,"Washington, VA","Lynchburg, VA",TMA,SVR,2863 1662 3370 6017
157,5,2,2022,3384,75,0,3,5,major_corridor,District of Columbia,"Fairfax, VA",DCO,SVR,2022 3384
158,5,5,3384,4128,0,35,3,5,dense_metro,"Fairfax, VA","Richmond, VA",SVR,SVR,3384 3107 5946 5982 4128
159,5,2,4128,1758,35,0,3,5,dense_metro,"Richmond, VA","Prince George, VA",SVR,SVR,4128 1758
160,5,6,3384,2874,0,0,3,5,dense_metro,"Fairfax, VA","Spotslyvania, VA",SVR,SVR,3384 1517 5938 4205 5970 2874
161,3,2,463,3671,0,0,3,2,none,"Delaware, IN","Delaware, IN",IMA,IMA,463 3671
162,5,3,3671,4840,0,30,3,5,dense_metro,"Delaware, IN","Indianapolis, IN",IMA,IMA,3671 1846 4840
163,5,5,4840,5986,30,0,3,5,dense_metro,"Indianapolis, IN","Champaign, IL",IMA,NGI,4840 5956 4236 3503 5986
164,3,2,5986,2785,0,0,3,2,none,"Champaign, IL","Champaign, IL",NGI,NGI,5986 2785
165,3,3,2785,6011,0,0,3,2,none,"Champaign, IL","Springfield, IL",NGI,USM,2785 5017 6011
166,3,2,6011,1221,0,0,3,2,none,"Springfield, IL","Springfield, IL",USM,USM,6011 1221
167,3,2,3671,3523,0,0,3,2,none,"Delaware, IN","Bartholomew, IN",IMA,IMA,3671 3523
168,5,5,5933,559,0,0,3,5,dense_metro,"Indianapolis, IN","Kankakee, IL",IMA,NGI,5933 5923 5904 4204 559
169,3,2,559,2260,0,0,3,2,none,"Kankakee, IL","Kankakee, IL",NGI,NGI,559 2260
170,5,2,2260,3724,0,0,3,5,dense_metro,"Kankakee, IL","Chicago Metro, IL",NGI,EFG,2260 3724
171,5,2,3724,4073,0,50,3,5,major_corridor,"Chicago Metro, IL","Chicago, IL",EFG,EFG,3724 4073
172,5,2,4497,5820,0,0,3,5,dense_metro,"Chicago, IL","Chicago Metro, IL",EFG,EFG,4497 5820
173,5,2,5820,4848,0,16,3,5,dense_metro,"Chicago Metro, IL","Chicago Metro, IL",EFG,EFG,5820 4848
174,5,2,4848,5848,16,16,3,5,dense_metro,"Chicago Metro, IL","Chicago Metro, IL",EFG,EFG,4848 5848
175,5,2,5848,3724,16,0,3,5,dense_metro,"Chicago Metro, IL","Chicago Metro, IL",EFG,EFG,5848 3724
176,5,2,3724,2541,0,10,3,5,dense_metro,"Chicago Metro, IL","Gary, IN",EFG,EFG,3724 2541
177,3,5,559,5986,0,0,3,2,none,"Kankakee, IL","Champaign, IL",NGI,NGI,559 5909 2460 1513 5986
178,3,2,5986,2785,0,0,3,2,none,"Champaign, IL","Champaign, IL",NGI,NGI,5986 2785
179,3,3,2785,6019,0,0,3,2,none,"Champaign, IL","Mount Vernon, IL",NGI,USM,2785 4664 6019
180,3,5,6019,2120,0,0,3,2,none,"Mount Vernon, IL","Mount Vernon, IL",USM,USM,6019 1320 6048 4107 2120
181,3,4,2120,6140,0,0,3,2,none,"Mount Vernon, IL","Jackson, TN",USM,TMA,2120 3881 278 6140
182,3,6,6140,6220,0,0,3,2,none,"Jackson, TN","Tupelo, MS",TMA,BIR,6140 3166 1981 3661 2400 6220
183,3,2,6220,2472,0,0,3,2,none,"Tupelo, MS","Tupelo, MS",BIR,BIR,6220 2472
184,3,2,2472,4810,0,0,3,2,none,"Tupelo, MS","Tupelo, MS",BIR,BIR,2472 4810
185,3,2,4810,6256,0,0,3,2,none,"Tupelo, MS","Tupelo, MS",BIR,BIR,4810 6256
186,3,4,6256,3173,0,0,3,2,none,"Tupelo, MS","Citronelle, AL",BIR,BIR,6256 1311 3075 3173
187,3,2,3173,1436,0,0,3,2,none,"Citronelle, AL","Meridian, MS",BIR,BIR,3173 1436
188,3,3,1436,6358,0,0,3,2,none,"Meridian, MS","Mobile, AL",BIR,GCC,1436 4405 6358
189,3,4,4496,1542,0,0,3,2,none,"Prince George, VA","Nash, NC",SVR,CHA,4496 3630 4152 1542
190,3,8,1542,2340,0,0,3,2,none,"Nash, NC","Myrtle Beach, SC",CHA,CHA,1542 1084 3494 2465 2414 6145 1012 2340
191,3,8,2340,3874,0,0,3,2,none,"Myrtle Beach, SC","Richland, SC",CHA,SSC,2340 3294 2894 133 6214 4576 3825 3874
192,3,4,3874,4536,0,16,3,3,regional_city,"Richland, SC","Chatham, GA",SSC,USG,3874 2151 4915 4536
193,3,2,4536,4490,16,0,3,3,regional_city,"Chatham, GA","Chatham, GA",USG,USG,4536 4490
194,3,3,4490,2711,0,0,3,2,none,"Chatham, GA","Lowndes, GA",USG,USG,4490 6301 2711
195,5,3,5089,1542,0,0,3,5,dense_metro,"Hampton Roads, VA","Nash, NC",NOR,CHA,5089 4791 1542
196,3,8,1542,2340,0,0,3,2,none,"Nash, NC","Myrtle Beach, SC",CHA,CHA,1542 111 6110 6115 2153 4113 711 2340
197,3,6,2340,335,0,30,3,3,regional_city,"Myrtle Beach, SC","Beaufort, SC",CHA,SSC,2340 5048 6202 233 6245 335
198,3,5,335,4536,30,16,3,3,regional_city,"Beaufort, SC","Chatham, GA",SSC,USG,335 6257 4386 1415 4536
199,3,2,360,4418,0,10,3,2,none,"Albemarle, VA","Lynchburg, VA",SVR,SVR,360 4418
200,5,21,4418,6234,10,33,3,5,dense_metro,"Lynchburg, VA","South Metro Atlanta, GA",SVR,USG,4418 6037 6054 6087 3194 3621 4833 4293 6133 6149 1188 3444 2663 4937 3305 3883 3859 6203 917 1839 6234
201,3,4,335,3874,30,0,3,3,regional_city,"Beaufort, SC","Richland, SC",SSC,SSC,335 6231 188 3874
202,5,8,3874,6234,0,33,3,5,dense_metro,"Richland, SC","South Metro Atlanta, GA",SSC,USG,3874 6228 2936 4171 4382 2458 475 6234
203,3,11,3224,3335,6,0,3,2,none,"Covington, KY","Knoxville, TN",TMA,TMA,3224 4692 589 1434 6036 3151 4859 6088 2171 6124 3335
204,3,4,3335,31,0,0,3,2,none,"Knoxville, TN","Chattanooga, TN",TMA,TMA,3335 4577 1150 31
205,3,3,31,1990,0,0,3,2,none,"Chattanooga, TN","Whitfield, GA",TMA,USG,31 4392 1990
206,3,5,1990,1156,0,0,3,2,none,"Whitfield, GA","Huntsville, AL",USG,TMA,1990 6199 1581 4580 1156
207,3,2,1156,3109,0,0,3,2,none,"Huntsville, AL","Morgan, AL",TMA,BIR,1156 3109
208,3,5,3109,6220,0,0,3,2,none,"Morgan, AL","Tupelo, MS",BIR,BIR,3109 1071 2783 26 6220
209,3,5,1990,978,0,0,3,2,none,"Whitfield, GA","Birmingham, AL",USG,BIR,1990 3693 4943 6233 978
210,3,2,978,4096,0,30,3,3,regional_city,"Birmingham, AL","Birmingham, AL",BIR,BIR,978 4096
211,4,2,4096,758,30,25,3,4,city_link,"Birmingham, AL","Tuscaloosa, AL",BIR,BIR,4096 758
212,3,2,758,6277,25,0,3,3,regional_city,"Tuscaloosa, AL","Tuscaloosa, AL",BIR,BIR,758 6277
213,3,3,6277,3173,0,0,3,2,none,"Tuscaloosa, AL","Citronelle, AL",BIR,BIR,6277 332 3173
214,3,2,3173,1436,0,0,3,2,none,"Citronelle, AL","Meridian, MS",BIR,BIR,3173 1436
215,3,5,2863,130,0,0,3,2,none,"Washington, VA","Johnson City, TN",TMA,TMA,2863 2371 577 1072 130
216,3,4,130,3335,0,0,3,2,none,"Johnson City, TN","Knoxville, TN",TMA,TMA,130 4446 4755 3335
217,3,5,130,31,0,0,3,2,none,"Johnson City, TN","Chattanooga, TN",TMA,TMA,130 6137 2946 3364 31
218,4,4,31,852,0,40,3,4,city_link,"Chattanooga, TN","Atlanta, GA",TMA,USG,31 662 1776 852
219,5,2,852,6234,40,33,3,5,dense_metro,"Atlanta, GA","South Metro Atlanta, GA",USG,USG,852 6234
220,4,4,852,613,40,0,3,4,city_link,"Atlanta, GA","Auburn, AL",USG,BIR,852 4324 6226 613
221,3,3,613,978,0,0,3,2,none,"Auburn, AL","Birmingham, AL",BIR,BIR,613 4841 978
222,3,6,6253,4810,0,0,3,2,none,"Birmingham, AL","Tupelo, MS",BIR,BIR,6253 2051 6243 42 1749 4810
223,4,3,852,613,40,0,3,4,city_link,"Atlanta, GA","Auburn, AL",USG,BIR,852 788 613
224,5,4,6234,2046,33,0,3,5,dense_metro,"South Metro Atlanta, GA","Muscogee, GA",USG,USG,6234 3962 4489 2046
225,3,7,2046,2284,0,0,3,2,none,"Muscogee, GA","Autauga, AL",USG,BIR,2046 6265 6270 1733 3487 6266 2284
226,5,3,6234,4251,33,0,3,5,dense_metro,"South Metro Atlanta, GA","Houston, GA",USG,USG,6234 6250 4251
227,3,5,4251,2088,0,0,3,2,none,"Houston, GA","Houston, GA",USG,USG,4251 6271 3380 2208 2088
228,3,4,2088,1661,0,10,3,2,none,"Houston, GA","Thomas, GA",USG,USG,2088 6315 926 1661
229,3,2,1661,3930,10,0,3,2,none,"Thomas, GA","Thomas, GA",USG,USG,1661 3930
230,3,2,3930,1261,0,0,3,2,none,"Thomas, GA","Lowndes, GA",USG,USG,3930 1261
231,3,2,1261,2711,0,0,3,2,none,"Lowndes, GA","Lowndes, GA",USG,USG,1261 2711
232,5,4,6234,4251,33,0,3,5,dense_metro,"South Metro Atlanta, GA","Houston, GA",USG,USG,6234 2374 1915 4251
233,3,4,2046,5082,0,0,3,2,none,"Muscogee, GA","Muscogee, GA",USG,USG,2046 565 2929 5082
234,3,2,5082,2088,0,0,3,2,none,"Muscogee, GA","Houston, GA",USG,USG,5082 2088
235,3,5,5082,874,0,0,3,2,none,"Muscogee, GA","Montgomery, Al",USG,ALF,5082 3865 4182 2461 874
236,3,2,874,1912,0,25,3,3,regional_city,"Montgomery, Al","Montgomery, Al",ALF,ALF,874 1912
237,3,6,1661,379,10,10,3,2,none,"Thomas, GA","Dothan, AL",USG,GCC,1661 2508 6349 632 6341 379
238,3,2,2711,4370,0,0,3,2,none,"Lowndes, GA","Lowndes, GA",USG,USG,2711 4370
239,3,2,4370,2678,0,0,3,2,none,"Lowndes, GA",da,USG,JMA,4370 2678
240,4,2,2678,6348,0,35,3,4,city_link,da,da,JMA,JMA,2678 6348
241,5,3,6348,1017,35,0,3,5,dense_metro,da,"Duval, FL",JMA,JMA,6348 4062 1017
242,5,3,1017,6390,0,0,3,5,dense_metro,"Duval, FL","Daytona Beach, FL",JMA,CFC,1017 2671 6390
243,5,4,6390,2190,0,0,3,5,dense_metro,"Daytona Beach, FL","Miami-Dade, FL",CFC,SFM,6390 4036 818 2190
244,5,6,2190,3556,0,40,3,5,dense_metro,"Miami-Dade, FL","Miami-Dade, FL",SFM,SFM,2190 3757 1235 2527 3909 3556
245,5,4,2190,4002,0,0,3,5,dense_metro,"Miami-Dade, FL","Hillsborough, FL",SFM,CFC,2190 4797 6424 4002
246,5,5,4002,6390,0,0,3,5,dense_metro,"Hillsborough, FL","Daytona Beach, FL",CFC,CFC,4002 3331 4533 6399 6390
247,5,4,4002,6423,0,0,3,5,dense_metro,"Hillsborough, FL","Hillsborough, FL",CFC,CFC,4002 3866 6427 6423
248,5,8,4002,3302,0,0,3,5,dense_metro,"Hillsborough, FL","Alachua, FL",CFC,CFC,4002 6406 3397 6396 239 6381 2754 3302
249,4,2,3302,6348,0,35,3,4,city_link,"Alachua, FL",da,CFC,JMA,3302 6348
250,4,3,6348,3930,35,0,3,4,city_link,da,"Thomas, GA",JMA,USG,6348 3481 3930
251,3,8,3302,1022,0,0,3,2,none,"Alachua, FL","Escambia, FL",CFC,GCC,3302 6353 6360 4591 1801 1534 2067 1022
252,5,3,1017,6348,0,35,3,5,dense_metro,"Duval, FL",da,JMA,JMA,1017 1405 6348
253,3,2,1261,4370,0,0,3,2,none,"Lowndes, GA","Lowndes, GA",USG,USG,1261 4370
254,3,5,2678,4490,0,0,3,2,none,da,"Chatham, GA",JMA,USG,2678 6337 2667 95 4490
255,5,6,6140,3935,0,0,3,5,dense_metro,"Jackson, TN","Memphis, TN",TMA,TMA,6140 1963 4211 2093 1965 3935
256,5,2,3935,6205,0,6,3,5,dense_metro,"Memphis, TN","Oxford, MS",TMA,AMA,3935 6205
257,3,6,6205,4636,6,0,3,2,none,"Oxford, MS","Greenville, MS",AMA,AMA,6205 1470 4688 6236 4391 4636
258,3,5,4636,144,0,0,3,2,none,"Greenville, MS","Jackson, MS",AMA,NOM,4636 2058 6294 6306 144
259,3,4,144,2328,0,0,3,2,none,"Jackson, MS","Baton Rouge, LA",NOM,NOM,144 4254 4960 2328
260,4,3,2328,2606,0,40,2,4,city_link,"Baton Rouge, LA","New Orleans, LA",NOM,NOM,2328 1888 2606
261,3,5,6205,2472,6,0,3,2,none,"Oxford, MS","Tupelo, MS",AMA,BIR,6205 21 58 1607 2472
262,3,4,6256,4636,0,0,3,2,none,"Tupelo, MS","Greenville, MS",BIR,AMA,6256 3645 6259 4636
263,3,4,144,2202,0,0,3,2,none,"Jackson, MS","Meridian, MS",NOM,BIR,144 4385 6307 2202
264,3,2,2202,1436,0,0,3,2,none,"Meridian, MS","Meridian, MS",BIR,BIR,2202 1436
265,3,3,2202,412,0,0,3,2,none,"Meridian, MS","Hattiesburg, MS",BIR,BIR,2202 4547 412
266,3,3,412,4109,0,0,3,2,none,"Hattiesburg, MS","Gulfport, MS",BIR,GCC,412 6351 4109
267,3,2,4109,6358,0,0,3,2,none,"Gulfport, MS","Mobile, AL",GCC,GCC,4109 6358
268,3,5,412,953,0,0,3,2,none,"Hattiesburg, MS","Baton Rouge, LA",BIR,NOM,412 1101 4689 3753 953
269,4,2,953,2606,0,40,3,4,city_link,"Baton Rouge, LA","New Orleans, LA",NOM,NOM,953 2606
270,3,4,953,4109,0,0,3,2,none,"Baton Rouge, LA","Gulfport, MS",NOM,GCC,953 4781 3908 4109
271,3,4,4109,203,0,0,3,2,none,"Gulfport, MS","Butler, AL",GCC,ALF,4109 725 6359 203
272,3,3,203,2424,0,0,3,2,none,"Butler, AL","Butler, AL",ALF,ALF,203 6338 2424
273,3,3,2424,1912,0,25,3,3,regional_city,"Butler, AL","Montgomery, Al",ALF,ALF,2424 1384 1912
274,3,3,4851,203,0,0,3,2,none,"Escambia, FL","Butler, AL",GCC,ALF,4851 3695 203
275,3,2,203,2424,0,0,3,2,none,"Butler, AL","Butler, AL",ALF,ALF,203 2424
276,3,6,4851,1022,0,0,3,2,none,"Escambia, FL","Escambia, FL",GCC,GCC,4851 2553 6354 1401 1718 1022
277,3,2,6277,2284,0,0,3,2,none,"Tuscaloosa, AL","Autauga, AL",BIR,BIR,6277 2284
278,3,5,1912,2046,25,0,3,3,regional_city,"Montgomery, Al","Muscogee, GA",ALF,USG,1912 6286 2580 2596 2046
279,3,5,144,6309,0,0,3,2,none,"Jackson, MS","Monroe, LA",NOM,NOM,144 6321 1251 328 6309
280,2,3,6309,6317,0,0,2,2,none,"Monroe, LA","Shreveport, LA",NOM,NOM,6309 4474 6317
281,2,4,6317,3276,0,0,2,2,none,"Shreveport, LA","Shreveport, LA",NOM,STX,6317 4457 525 3276
282,2,4,3276,6350,0,0,2,2,none,"Shreveport, LA","Natchitoches, LA",STX,NOM,3276 138 1970 6350
283,2,3,6350,2315,0,0,2,2,none,"Natchitoches, LA","Lake Charles, LA",NOM,NOM,6350 2956 2315
284,2,2,2315,6387,0,0,2,2,none,"Lake Charles, LA","Lake Charles, LA",NOM,NOM,2315 6387
285,3,9,1221,2260,0,0,3,2,none,"Springfield, IL","Kankakee, IL",USM,NGI,1221 1716 2355 3498 1919 1315 1840 5879 2260
286,5,2,2260,5848,0,16,3,5,dense_metro,"Kankakee, IL","Chicago Metro, IL",NGI,EFG,2260 5848
287,5,3,5820,2119,0,0,3,5,dense_metro,"Chicago Metro, IL","Chicago Metro, IL",EFG,EFG,5820 5817 2119
288,5,4,2119,3160,0,0,3,5,dense_metro,"Chicago Metro, IL","Rockford, IL",EFG,EFG,2119 5812 1397 3160
289,3,6,3160,497,0,0,3,2,none,"Rockford, IL","La Crosse, WI",EFG,SWI,3160 5062 3043 4683 714 497
290,3,4,497,2764,0,0,3,2,none,"La Crosse, WI","Eau Claire, WI",SWI,SWI,497 5714 1125 2764
291,3,2,2764,5656,0,0,3,2,none,"Eau Claire, WI","Eau Claire, WI",SWI,SWI,2764 5656
292,3,2,5656,3781,0,0,3,2,none,"Eau Claire, WI","Eau Claire, WI",SWI,SWI,5656 3781
293,3,4,3781,1184,0,0,3,2,none,"Eau Claire, WI","Isanti, MN",SWI,SMN,3781 4101 854 1184
294,3,2,1184,5587,0,6,3,2,none,"Isanti, MN","Superior, WI",SMN,SWI,1184 5587
295,3,6,5587,3983,6,0,3,2,none,"Superior, WI","Duluth, MN",SWI,SMN,5587 2032 2418 3607 2808 3983
296,3,6,3983,4829,0,0,3,2,none,"Duluth, MN","Hanover, MB",SMN,CAN,3983 3408 2710 4098 108 4829
297,3,2,4829,2736,0,0,3,2,none,"Hanover, MB","Hanover, MB",CAN,CAN,4829 2736
298,3,2,2736,4189,0,0,3,2,none,"Hanover, MB","Hanover, MB",CAN,CAN,2736 4189
299,3,2,4189,5449,0,0,3,2,none,"Hanover, MB","Brandon, MB",CAN,CAN,4189 5449
300,3,2,5449,5437,0,33,3,4,city_link,"Brandon, MB","Winnipeg, MB",CAN,CAN,5449 5437
301,5,4,2119,3160,0,0,3,5,dense_metro,"Chicago Metro, IL","Rockford, IL",EFG,EFG,2119 5831 4822 3160
302,3,4,3160,5855,0,0,3,2,none,"Rockford, IL","Davenport, IA",EFG,SIA,3160 5830 906 5855
303,5,6,4848,4768,16,0,3,5,dense_metro,"Chicago Metro, IL","Knox, IL",EFG,NGI,4848 5846 3802 2916 5875 4768
304,3,2,4768,1796,0,0,3,2,none,"Knox, IL","Knox, IL",NGI,NGI,4768 1796
305,2,2,1796,3945,0,0,2,2,none,"Knox, IL","Iowa City, IA",NGI,SIA,1796 3945
306,2,2,3945,3497,0,0,2,2,none,"Iowa City, IA","Iowa City, IA",SIA,SIA,3945 3497
307,2,2,3497,4086,0,0,2,2,none,"Iowa City, IA","Iowa City, IA",SIA,SIA,3497 4086
308,2,2,4086,3918,0,0,2,2,none,"Iowa City, IA","Ottumwa, IA",SIA,SIA,4086 3918
309,3,6,2260,4768,0,0,3,2,none,"Kankakee, IL","Knox, IL",NGI,NGI,2260 3209 2852 1274 5892 4768
310,3,2,4768,1796,0,0,3,2,none,"Knox, IL","Knox, IL",NGI,NGI,4768 1796
311,2,2,1796,3497,0,0,2,2,none,"Knox, IL","Iowa City, IA",NGI,SIA,1796 3497
312,2,7,3497,4906,0,0,2,2,none,"Iowa City, IA","Adalair, MO",SIA,CKC,3497 1559 1537 3281 5955 602 4906
313,2,2,4906,2369,0,0,2,2,none,"Adalair, MO","North Kansas City, MO",CKC,CKC,4906 2369
314,3,2,2914,1276,25,0,3,3,regional_city,"Eau Claire, WI","Eau Claire, WI",SWI,SWI,2914 1276
315,3,6,1276,159,0,0,3,2,none,"Eau Claire, WI","Stevens Point, WI",SWI,EFG,1276 3308 552 5643 393 159
316,3,2,159,820,0,0,3,2,none,"Stevens Point, WI","Appleton, WI",EFG,EFG,159 820
317,3,3,820,3225,0,0,3,2,none,"Appleton, WI","Green Bay, WI",EFG,EFG,820 4006 3225
318,3,4,1276,2385,0,0,3,2,none,"Eau Claire, WI","La Crosse, WI",SWI,SWI,1276 258 5699 2385
319,3,4,2385,2601,0,0,3,2,none,"La Crosse, WI","Madison, WI",SWI,EFG,2385 5708 2680 2601
320,5,4,2601,2642,0,0,3,5,dense_metro,"Madison, WI","Milwaukee, WI",EFG,EFG,2601 5755 4725 2642
321,3,2,497,2385,0,0,3,2,none,"La Crosse, WI","La Crosse, WI",SWI,SWI,497 2385
322,3,2,4502,983,0,0,3,2,none,"Hayward, WI","Hayward, WI",SWI,SWI,4502 983
323,3,4,983,3781,0,0,3,2,none,"Hayward, WI","Eau Claire, WI",SWI,SWI,983 2591 3260 3781
324,3,2,3781,3009,0,0,3,2,none,"Eau Claire, WI","Isanti, MN",SWI,SMN,3781 3009
325,3,2,2764,2914,0,25,3,3,regional_city,"Eau Claire, WI","Eau Claire, WI",SWI,SWI,2764 2914
326,3,2,2914,2876,25,0,3,3,regional_city,"Eau Claire, WI","Hayward, WI",SWI,SWI,2914 2876
327,3,2,2876,4502,0,0,3,2,none,"Hayward, WI","Hayward, WI",SWI,SWI,2876 4502
328,3,3,4502,3016,0,0,3,2,none,"Hayward, WI","Stevens Point, WI",SWI,EFG,4502 5611 3016
329,4,11,3016,5536,0,0,3,5,dense_metro,"Stevens Point, WI",Ontario,EFG,CAN,3016 5617 1577 5045 3580 2633 3178 4909 4072 4888 5536
330,3,3,5536,3219,0,0,3,2,none,Ontario,Ontario,CAN,CAN,5536 5513 3219
331,3,2,3219,5480,0,0,3,2,none,Ontario,Ontario,CAN,CAN,3219 5480
332,3,2,5480,1865,0,0,3,2,none,Ontario,Ontario,CAN,CAN,5480 1865
333,3,3,1865,1805,0,0,3,2,none,Ontario,Ontario,CAN,CAN,1865 2849 1805
334,5,5,2601,3396,0,0,3,5,dense_metro,"Madison, WI","Chicago Metro, IL",EFG,EFG,2601 2801 1135 5795 3396
335,5,5,2642,820,0,0,3,5,dense_metro,"Milwaukee, WI","Appleton, WI",EFG,EFG,2642 5740 25 5689 820
336,3,3,159,3016,0,0,3,2,none,"Stevens Point, WI","Stevens Point, WI",EFG,EFG,159 994 3016
337,3,2,1276,2876,0,0,3,2,none,"Eau Claire, WI","Hayward, WI",SWI,SWI,1276 2876
338,3,2,2876,983,0,0,3,2,none,"Hayward, WI","Hayward, WI",SWI,SWI,2876 983
339,3,4,983,5587,0,6,3,2,none,"Hayward, WI","Superior, WI",SWI,SWI,983 5601 1960 5587
340,3,9,5587,505,6,0,3,2,none,"Superior, WI","Clearwater, MN",SWI,SMN,5587 4625 1206 4770 204 1252 2733 781 505
341,2,10,505,4932,0,0,2,2,none,"Clearwater, MN","Minot, ND",SMN,SDA,505 1971 4173 3488 5506 774 4278 2434 4523 4932
342,2,5,4932,1789,0,0,2,2,none,"Minot, ND","Butte, MT",SDA,MMS,4932 3138 5489 2656 1789
343,2,11,1789,161,0,0,2,2,none,"Butte, MT","Great Falls, MT",MMS,MMS,1789 3664 2044 3631 260 3968 3902 498 3201 2939 161
344,2,3,161,1816,0,0,2,2,none,"Great Falls, MT","Great Falls, MT",MMS,MMS,161 4008 1816
345,2,7,1816,4149,0,0,2,2,none,"Great Falls, MT","Kalispell, MT",MMS,MMS,1816 2439 5456 888 5445 954 4149
346,2,4,4149,3239,0,0,2,2,none,"Kalispell, MT","Coeur d'Alene, ID",MMS,SWA,4149 3336 2554 3239
347,2,3,3239,5448,0,0,2,2,none,"Coeur d'Alene, ID","Columbia Basin, WA",SWA,SWA,3239 3944 5448
348,4,10,5448,4005,0,40,2,4,city_link,"Columbia Basin, WA","North Puget Sound, WA",SWA,SWA,5448 5452 4630 465 3726 3371 1238 5427 2306 4005
349,4,5,4005,3776,40,33,2,4,city_link,"North Puget Sound, WA",Northern British Columbia,SWA,CAN,4005 5402 1685 3709 3776
350,3,2,3776,2173,33,0,2,4,city_link,Northern British Columbia,Northern British Columbia,CAN,CAN,3776 2173
351,3,2,2173,2224,0,16,2,3,regional_city,Northern British Columbia,Northern British Columbia,CAN,CAN,2173 2224
352,3,4,505,4338,0,0,3,2,none,"Clearwater, MN","Hanover, MB",SMN,CAN,505 5521 5493 4338
353,3,2,4338,4829,0,0,3,2,none,"Hanover, MB","Hanover, MB",CAN,CAN,4338 4829
354,3,2,4338,2736,0,0,3,2,none,"Hanover, MB","Hanover, MB",CAN,CAN,4338 2736
355,3,2,1184,2377,0,0,3,2,none,"Isanti, MN","Isanti, MN",SMN,SMN,1184 2377
356,3,3,2377,5634,0,0,3,2,none,"Isanti, MN","Isanti, MN",SMN,SMN,2377 4360 5634
357,3,2,5634,3492,0,0,3,2,none,"Isanti, MN","Isanti, MN",SMN,SMN,5634 3492
358,3,7,3492,5023,0,6,3,2,none,"Isanti, MN","Clay, MN",SMN,SMN,3492 4988 5628 3192 2329 982 5023
359,2,3,5023,2875,6,0,2,2,none,"Clay, MN","Fargo, ND",SMN,SDA,5023 1358 2875
360,2,9,2875,4932,0,0,2,2,none,"Fargo, ND","Minot, ND",SDA,SDA,2875 2827 98 4641 5551 5541 5535 5036 4932
361,3,6,4932,2498,0,0,3,2,none,"Minot, ND","Saskatoon, SK",SDA,CAN,4932 2270 2699 5442 3158 2498
362,3,3,2377,3009,0,0,3,2,none,"Isanti, MN","Isanti, MN",SMN,SMN,2377 1900 3009
363,3,3,3009,5634,0,0,3,2,none,"Isanti, MN","Isanti, MN",SMN,SMN,3009 5639 5634
364,3,6,3492,5023,0,6,3,2,none,"Isanti, MN","Clay, MN",SMN,SMN,3492 1675 1100 5605 2548 5023
365,3,2,3009,4050,0,0,3,2,none,"Isanti, MN","Saint Paul, MN",SMN,SMN,3009 4050
366,3,11,4050,3786,0,10,3,2,none,"Saint Paul, MN","Council Bluffs, IA",SMN,SIA,4050 5676 2935 2232 1369 2655 1711 2975 3420 4518 3786
367,2,2,3786,5878,10,0,2,2,none,"Council Bluffs, IA","Council Bluffs, IA",SIA,SIA,3786 5878
368,3,5,5878,4498,0,16,2,3,regional_city,"Council Bluffs, IA","Kansas City, MO",SIA,CKC,5878 5937 3541 3783 4498
369,3,2,4498,3433,16,16,2,3,regional_city,"Kansas City, MO","Overland Park, KS",CKC,CKC,4498 3433
370,3,4,3433,6070,16,0,2,3,regional_city,"Overland Park, KS","Emporia, KS",CKC,OMA,3433 6033 2981 6070
371,2,4,6070,6130,0,0,2,2,none,"Emporia, KS","Tulsa, OK",OMA,OMA,6070 385 4465 6130
372,2,7,6130,4676,0,0,2,2,none,"Tulsa, OK","Stillwater, OK",OMA,OKC,6130 4882 744 4097 3379 5018 4676
373,2,3,4676,4653,0,0,2,2,none,"Stillwater, OK","Oklahoma City, OK",OKC,OKC,4676 2360 4653
374,5,5,4653,2666,0,16,2,5,dense_metro,"Oklahoma City, OK","Wichita Falls, TX",OKC,STX,4653 3810 2944 2228 2666
375,5,3,2666,6280,16,0,2,5,dense_metro,"Wichita Falls, TX","Greater Dallas-Fort Worth Area, TX",STX,STX,2666 3482 6280
376,5,2,6280,3456,0,0,2,5,dense_metro,"Greater Dallas-Fort Worth Area, TX","Greater Dallas-Fort Worth Area, TX",STX,STX,6280 3456
377,5,2,3456,6302,0,40,2,5,dense_metro,"Greater Dallas-Fort Worth Area, TX","Dallas-Fort Worth, TX",STX,STX,3456 6302
378,5,2,6302,821,40,0,2,5,dense_metro,"Dallas-Fort Worth, TX","Dallas-Fort Worth, TX",STX,STX,6302 821
379,5,2,821,2608,0,0,2,5,dense_metro,"Dallas-Fort Worth, TX","Greater Dallas-Fort Worth Area, TX",STX,STX,821 2608
380,5,2,2608,6330,0,16,2,5,dense_metro,"Greater Dallas-Fort Worth Area, TX","Navarro, TX",STX,STX,2608 6330
381,5,2,6330,3473,16,10,2,5,dense_urban_link,"Navarro, TX","Waco, TX",STX,STX,6330 3473
382,2,2,3473,206,10,0,2,2,none,"Waco, TX","Waco, TX",STX,STX,3473 206
383,2,2,206,2964,0,0,2,2,none,"Waco, TX","Bastrop, TX",STX,HMA,206 2964
384,2,2,2964,1255,0,0,2,2,none,"Bastrop, TX","Bastrop, TX",HMA,HMA,2964 1255
385,2,3,1255,2433,0,0,2,2,none,"Bastrop, TX","Victoria, TX",HMA,HMA,1255 5011 2433
386,2,2,2433,6415,0,0,2,2,none,"Victoria, TX","Victoria, TX",HMA,HMA,2433 6415
387,5,3,6415,3065,0,0,2,5,dense_metro,"Victoria, TX","Houston, TX",HMA,HMA,6415 4376 3065
388,5,2,3065,1081,0,0,2,5,dense_metro,"Houston, TX","Houston, TX",HMA,HMA,3065 1081
389,5,2,1081,6763,0,10,2,5,dense_metro,"Houston, TX","Beaumont, TX",HMA,HMA,1081 6763
390,3,5,4050,497,0,0,3,2,none,"Saint Paul, MN","La Crosse, WI",SMN,SWI,4050 3287 3504 5738 497
391,3,2,5656,3009,0,0,3,2,none,"Eau Claire, WI","Isanti, MN",SWI,SMN,5656 3009
392,3,10,4050,648,0,0,3,2,none,"Saint Paul, MN","Ottumwa, IA",SMN,SIA,4050 2799 1930 1982 4834 5779 391 2502 5841 648
393,2,2,648,3918,0,0,2,2,none,"Ottumwa, IA","Ottumwa, IA",SIA,SIA,648 3918
394,2,5,3918,4906,0,0,2,2,none,"Ottumwa, IA","Adalair, MO",SIA,CKC,3918 5906 1355 3139 4906
395,2,3,4906,2369,0,0,2,2,none,"Adalair, MO","North Kansas City, MO",CKC,CKC,4906 5984 2369
396,3,2,2369,4498,0,16,2,3,regional_city,"North Kansas City, MO","Kansas City, MO",CKC,CKC,2369 4498
397,3,2,4498,3433,16,16,2,3,regional_city,"Kansas City, MO","Overland Park, KS",CKC,CKC,4498 3433
398,3,5,3433,6042,16,0,2,3,regional_city,"Overland Park, KS","Emporia, KS",CKC,OMA,3433 4069 6013 290 6042
399,2,2,6042,2156,0,0,2,2,none,"Emporia, KS","Cowley, KS",OMA,OMA,6042 2156
400,3,2,2156,1768,0,25,2,3,regional_city,"Cowley, KS","Cowley, KS",OMA,OMA,2156 1768
401,3,13,1768,2331,25,0,2,3,regional_city,"Cowley, KS","Trinidad, CO",OMA,LMA,1768 532 3240 237 605 6086 2440 6053 2712 4481 1545 6047 2331
402,2,2,2331,2142,0,0,2,2,none,"Trinidad, CO","Trinidad, CO",LMA,LMA,2331 2142
403,2,5,2142,1896,0,0,2,2,none,"Trinidad, CO","Aspen, CO",LMA,DMA,2142 4772 596 862 1896
404,2,14,1896,5850,0,0,2,2,none,"Aspen, CO","Salt Lake City, UT",DMA,SUT,1896 5972 4681 2560 5977 4440 3387 367 5968 790 5913 1820 40 5850
405,4,2,5850,3142,0,35,2,4,city_link,"Salt Lake City, UT","Salt Lake City, UT",SUT,SUT,5850 3142
406,4,2,3142,4407,35,10,2,4,city_link,"Salt Lake City, UT","Ogden, UT",SUT,WAR,3142 4407
407,2,5,4407,751,10,10,2,2,none,"Ogden, UT","Pocatello, ID",WAR,WAR,4407 1269 4284 1060 751
408,2,2,751,5719,10,0,2,2,none,"Pocatello, ID","Idaho Falls, ID",WAR,WAR,751 5719
409,2,8,5719,2004,0,6,2,2,none,"Idaho Falls, ID","Dillon, MT",WAR,BAR,5719 502 2755 3564 271 4482 617 2004
410,2,3,2004,55,6,0,2,2,none,"Dillon, MT","Missoula, MT",BAR,MMS,2004 4049 55
411,2,5,55,4149,0,0,2,2,none,"Missoula, MT","Kalispell, MT",MMS,MMS,55 792 2800 1398 4149
412,2,2,3239,1658,0,0,2,2,none,"Coeur d'Alene, ID","Eastern Okanogan Highlands, WA",SWA,SWA,3239 1658
413,2,2,1658,5448,0,0,2,2,none,"Eastern Okanogan Highlands, WA","Columbia Basin, WA",SWA,SWA,1658 5448
414,2,9,5448,540,0,0,2,2,none,"Columbia Basin, WA","South Puget Sound, WA",SWA,SWA,5448 1955 2054 2280 1360 2837 1413 1541 540
415,4,2,540,4005,0,40,2,4,city_link,"South Puget Sound, WA","North Puget Sound, WA",SWA,SWA,540 4005
416,2,6,540,2485,0,0,2,2,none,"South Puget Sound, WA","Salem, OR",SWA,SOR,540 4872 3363 500 1389 2485
417,2,6,2485,5574,0,0,2,2,none,"Salem, OR","Eugene, OR",SOR,SOR,2485 3115 4487 4642 5563 5574
418,2,8,5574,2643,0,10,2,2,none,"Eugene, OR","Yreka, CA",SOR,SCA,5574 347 2806 301 5635 3506 5000 2643
419,2,7,2643,4540,10,0,2,2,none,"Yreka, CA","Napa, CA",SCA,SCA,2643 1395 2790 2121 1185 992 4540
420,5,3,4540,4628,0,20,2,5,dense_metro,"Napa, CA","San Francisco Metro, CA",SCA,SCA,4540 3896 4628
421,5,2,4628,5921,20,30,2,5,dense_metro,"San Francisco Metro, CA","San Francisco Metro, CA",SCA,SCA,4628 5921
422,5,2,5921,4946,30,45,2,5,dense_metro,"San Francisco Metro, CA","San Francisco, CA",SCA,SCA,5921 4946
423,5,4,5921,2549,30,0,2,5,dense_metro,"San Francisco Metro, CA","Salinas, CA",SCA,SCA,5921 3341 3054 2549
424,5,9,2549,6129,0,20,2,5,dense_metro,"Salinas, CA","Los Angeles Metro, CA",SCA,SCA,2549 1077 3329 860 4041 4493 4986 3092 6129
425,5,4,6129,330,20,0,2,5,dense_metro,"Los Angeles Metro, CA","Sequoia, CA",SCA,SCA,6129 6131 4917 330
426,5,2,6129,6142,20,25,2,5,dense_metro,"Los Angeles Metro, CA","Los Angeles, CA",SCA,SCA,6129 6142
427,5,3,6142,1823,25,50,2,5,major_corridor,"Los Angeles, CA","Los Angeles, CA",SCA,SCA,6142 3860 1823
428,5,2,1823,4039,50,25,2,5,major_corridor,"Los Angeles, CA","Los Angeles, CA",SCA,SCA,1823 4039
429,5,8,4039,2160,25,5,2,5,dense_metro,"Los Angeles, CA","El Centro, CA",SCA,SCA,4039 3624 6191 4172 429 6235 6227 2160
430,5,8,2160,6157,5,25,2,5,dense_metro,"El Centro, CA","Los Angeles Metro, CA",SCA,SCA,2160 6211 2773 6178 2831 3959 6162 6157
431,2,6,330,3811,0,0,2,2,none,"Sequoia, CA","Fresno, CA",SCA,SCA,330 4947 6069 4881 2138 3811
432,5,3,3811,4869,0,25,2,5,dense_metro,"Fresno, CA","Fresno, CA",SCA,SCA,3811 253 4869
433,5,6,4869,5903,25,0,2,5,dense_metro,"Fresno, CA","San Francisco Metro, CA",SCA,SCA,4869 2641 5960 2899 1916 5903
434,5,4,5903,4720,0,50,2,5,major_corridor,"San Francisco Metro, CA","Sacremento, CA",SCA,SCA,5903 5887 3182 4720
435,5,2,4720,4114,50,0,2,5,major_corridor,"Sacremento, CA","Sacremento, CA",SCA,SCA,4720 4114
436,2,4,4114,2289,0,0,2,2,none,"Sacremento, CA","Susanville, CA",SCA,SCA,4114 2788 3701 2289
437,2,6,2289,2357,0,4,2,2,none,"Susanville, CA","Klamath Falls, OR",SCA,SOR,2289 3104 2810 4607 745 2357
438,2,6,2357,5574,4,0,2,2,none,"Klamath Falls, OR","Eugene, OR",SOR,SOR,2357 1850 5603 10 2501 5574
439,5,3,4869,3811,25,0,2,5,dense_metro,"Fresno, CA","Fresno, CA",SCA,SCA,4869 6012 3811
440,5,2,4039,6157,25,25,2,5,dense_metro,"Los Angeles, CA","Los Angeles Metro, CA",SCA,SCA,4039 6157
441,5,4,6157,6126,25,0,2,5,dense_metro,"Los Angeles Metro, CA","Mojave, CA",SCA,SCA,6157 6154 2481 6126
442,2,2,6126,6100,0,10,2,2,none,"Mojave, CA","Mojave, CA",SCA,SCA,6126 6100
443,2,19,6100,5850,10,0,2,2,none,"Mojave, CA","Salt Lake City, UT",SCA,SUT,6100 3581 6103 6112 1898 2437 6096 467 427 3273 3425 3489 2395 4191 495 3298 4803 2695 5850
444,2,26,6126,2579,0,0,2,2,none,"Mojave, CA","Santa Fe, NM",SCA,AMO,6126 2233 2447 3222 6148 4826 927 4539 116 1130 6136 6127 3027 969 6160 1070 4260 3183 2484 1797 3535 322 2482 150 6165 2579
445,2,4,2579,2411,0,0,2,2,none,"Santa Fe, NM","Santa Fe, NM",AMO,AMO,2579 2731 2721 2411
446,2,5,2411,1569,0,0,2,2,none,"Santa Fe, NM","Clovis, NM",AMO,AMO,2411 6218 3135 1795 1569
447,2,2,1569,1270,0,0,2,2,none,"Clovis, NM","Tucumcari, NM",AMO,LMA,1569 1270
448,2,5,1270,3175,0,0,2,2,none,"Tucumcari, NM","Plainville, TX",LMA,STX,1270 6208 750 3014 3175
449,2,2,3175,3765,0,15,2,2,none,"Plainville, TX","Amarillo, TX",STX,LMA,3175 3765
450,2,6,3765,3352,15,0,2,2,none,"Amarillo, TX","Vernon, TX",LMA,STX,3765 303 2295 2081 2690 3352
451,5,3,3352,2666,0,16,2,5,dense_urban_link,"Vernon, TX","Wichita Falls, TX",STX,STX,3352 3655 2666
452,5,3,2666,3456,16,0,2,5,dense_metro,"Wichita Falls, TX","Greater Dallas-Fort Worth Area, TX",STX,STX,2666 6278 3456
453,3,2,2160,6241,5,33,3,5,dense_metro,"El Centro, CA",Baja California,SCA,MEX,2160 6241
454,3,11,6241,1952,33,0,3,4,city_link,Baja California,Sonora,MEX,MEX,6241 4048 1646 3226 6282 3006 2317 4371 1859 6345 1952
455,3,16,1952,4206,0,0,3,2,none,Sonora,"Los Mochis, SI",MEX,MEX,1952 3255 6373 1033 6389 3806 3646 6421 3738 2210 6431 6437 2970 6445 2108 4206
456,3,2,6241,6238,33,15,3,4,city_link,Baja California,"Pima, AZ",MEX,AMO,6241 6238
457,2,2,6238,109,15,0,2,2,none,"Pima, AZ","Pima, AZ",AMO,AMO,6238 109
458,2,6,109,4401,0,10,2,2,none,"Pima, AZ","Pima, AZ",AMO,AMO,109 3180 4262 3835 5003 4401
459,3,3,4401,6272,10,30,2,3,regional_city,"Pima, AZ","Tucson, AZ",AMO,AMO,4401 3894 6272
460,5,14,6272,4771,30,33,2,5,dense_metro,"Tucson, AZ","El Paso, TX",AMO,AMF,6272 3936 2428 4668 594 6279 806 6288 3499 2257 6290 6303 889 4771
461,5,3,4771,6332,33,0,2,5,dense_metro,"El Paso, TX","El Paso, TX",AMF,AMF,4771 990 6332
462,5,5,6332,4945,0,0,2,5,dense_metro,"El Paso, TX","Reeves, TX",AMF,AMF,6332 1082 6344 2350 4945
463,2,8,4945,970,0,0,2,2,none,"Reeves, TX","San Angelo, TX",AMF,STX,4945 421 2676 2774 3971 6311 78 970
464,2,2,970,1144,0,0,2,2,none,"San Angelo, TX","Abilene, TX",STX,STX,970 1144
465,5,7,1144,6302,0,40,2,5,dense_metro,"Abilene, TX","Dallas-Fort Worth, TX",STX,STX,1144 3376 2025 3478 767 4584 6302
466,5,2,6157,6147,25,30,2,5,dense_metro,"Los Angeles Metro, CA","Los Angeles Metro, CA",SCA,SCA,6157 6147
467,5,2,6147,1823,30,50,2,5,major_corridor,"Los Angeles Metro, CA","Los Angeles, CA",SCA,SCA,6147 1823
468,5,3,6147,6142,30,25,2,5,dense_metro,"Los Angeles Metro, CA","Los Angeles, CA",SCA,SCA,6147 4290 6142
469,2,2,6100,330,10,0,2,2,none,"Mojave, CA","Sequoia, CA",SCA,SCA,6100 330
470,5,3,5903,4628,0,20,2,5,dense_metro,"San Francisco Metro, CA","San Francisco Metro, CA",SCA,SCA,5903 5893 4628
471,5,3,5903,5921,0,30,2,5,dense_metro,"San Francisco Metro, CA","San Francisco Metro, CA",SCA,SCA,5903 1794 5921
472,2,7,4114,3271,0,0,2,2,none,"Sacremento, CA","Elko, NV",SCA,GBR,4114 5833 3247 4808 2187 709 3271
473,2,6,3271,51,0,15,2,2,none,"Elko, NV","Elko, NV",GBR,GBR,3271 4967 1025 1868 2820 51
474,2,8,51,5850,15,0,2,2,none,"Elko, NV","Salt Lake City, UT",GBR,SUT,51 5818 3654 1064 2378 5835 3322 5850
475,2,4,2357,2643,4,10,2,2,none,"Klamath Falls, OR","Yreka, CA",SOR,SCA,2357 5665 3569 2643
476,5,2,4540,4720,0,50,2,5,major_corridor,"Napa, CA","Sacremento, CA",SCA,SCA,4540 4720
477,2,7,4407,51,10,15,2,2,none,"Ogden, UT","Elko, NV",WAR,GBR,4407 1483 1664 4789 4309 2682 51
478,2,7,2289,3271,0,0,2,2,none,"Susanville, CA","Elko, NV",SCA,GBR,2289 562 1681 5794 3873 1842 3271
479,2,24,2485,751,0,10,2,2,none,"Salem, OR","Pocatello, ID",SOR,WAR,2485 3717 4968 3822 4018 3113 2686 5025 3105 2149 765 4678 2850 5001 5647 2639 4784 4033 1191 2775 5710 1002 3576 751
480,3,4,1658,4779,0,0,3,2,none,"Eastern Okanogan Highlands, WA","Vancouver, BC",SWA,CAN,1658 5418 3800 4779
481,3,6,4779,3221,0,0,3,2,none,"Vancouver, BC","Vancouver, BC",CAN,CAN,4779 492 2547 2064 5379 3221
482,3,3,3221,2173,0,0,3,2,none,"Vancouver, BC",Northern British Columbia,CAN,CAN,3221 682 2173
483,2,7,55,161,0,0,2,2,none,"Missoula, MT","Great Falls, MT",MMS,MMS,55 5540 3484 4443 309 2719 161
484,3,7,2004,282,6,16,2,3,regional_city,"Dillon, MT","Billings, MT",BAR,MMS,2004 2212 1750 1354 1059 4900 282
485,3,7,282,5544,16,0,2,3,regional_city,"Billings, MT","Miles City, MT",MMS,MMS,282 5579 2110 2839 5035 2189 5544
486,2,3,5544,1789,0,0,2,2,none,"Miles City, MT","Butte, MT",MMS,MMS,5544 4984 1789
487,2,3,5544,2728,0,0,2,2,none,"Miles City, MT","Dickinson, ND",MMS,WAR,5544 1229 2728
488,2,13,2728,2875,0,0,2,2,none,"Dickinson, ND","Fargo, ND",WAR,SDA,2728 1364 4516 5567 4753 1717 4306 1641 3369 1599 5597 3002 2875
489,3,14,282,1854,16,0,2,3,regional_city,"Billings, MT","Cheyenne, WY",MMS,DMA,282 2406 3641 1722 1288 5659 3231 678 2763 2705 2706 250 3994 1854
490,4,14,1854,2180,0,35,2,4,city_link,"Cheyenne, WY","Omaha, NE",DMA,OMA,1854 409 4828 4364 2235 1746 2438 1298 326 5829 1575 2836 1316 2180
491,4,2,3786,2180,10,35,2,4,city_link,"Council Bluffs, IA","Omaha, NE",SIA,OMA,3786 2180
492,4,10,2180,1132,35,0,2,4,city_link,"Omaha, NE","Ogallala, NE",OMA,DMA,2180 1044 1061 3472 5884 1363 871 4255 1688 1132
493,2,4,1132,5854,0,10,2,2,none,"Ogallala, NE","Cheyenne, WY",DMA,DMA,1132 8892 8894 5854
494,2,14,5854,536,10,0,2,2,none,"Cheyenne, WY","Evanston, WY",DMA,WAR,5854 3940 2145 5828 771 587 2787 1439 5823 4331 1145 5825 4924 536
495,4,6,536,3142,0,35,2,4,city_link,"Evanston, WY","Salt Lake City, UT",WAR,SUT,536 3040 701 5815 1006 3142
496,2,6,536,5719,0,0,2,2,none,"Evanston, WY","Idaho Falls, ID",WAR,WAR,536 2816 5799 614 2993 5719
497,2,5,1854,5854,0,10,2,2,none,"Cheyenne, WY","Cheyenne, WY",DMA,DMA,1854 2247 511 5837 5854
498,2,4,5854,4467,10,0,2,2,none,"Cheyenne, WY","Fort Morgan, CO",DMA,DMA,5854 4905 2746 4467
499,4,2,4467,1835,0,40,2,4,city_link,"Fort Morgan, CO","Denver, CO",DMA,DMA,4467 1835
500,4,5,1835,2142,40,0,2,4,city_link,"Denver, CO","Trinidad, CO",DMA,LMA,1835 5985 4983 1694 2142
501,2,4,2142,1437,0,0,2,2,none,"Trinidad, CO","Trinidad, CO",LMA,LMA,2142 6050 3939 1437
502,2,8,1437,2579,0,0,2,2,none,"Trinidad, CO","Santa Fe, NM",LMA,AMO,1437 6106 4264 6143 107 4814 573 2579
503,4,14,2180,4832,35,0,2,4,city_link,"Omaha, NE","Fort Morgan, CO",OMA,DMA,2180 2854 763 2248 2931 140 1950 634 1216 5949 8865 3037 1876 4832
504,2,2,4832,4467,0,0,2,2,none,"Fort Morgan, CO","Fort Morgan, CO",DMA,DMA,4832 4467
505,2,4,4832,1132,0,0,2,2,none,"Fort Morgan, CO","Ogallala, NE",DMA,DMA,4832 1882 1357 1132
506,4,2,2180,5878,35,0,2,4,city_link,"Omaha, NE","Council Bluffs, IA",OMA,SIA,2180 5878
507,2,6,5878,648,0,0,2,2,none,"Council Bluffs, IA","Ottumwa, IA",SIA,SIA,5878 1192 4883 691 4734 648
508,2,3,4086,3945,0,0,2,2,none,"Iowa City, IA","Iowa City, IA",SIA,SIA,4086 91 3945
509,2,2,3945,5855,0,0,2,2,none,"Iowa City, IA","Davenport, IA",SIA,SIA,3945 5855
510,2,6,4847,2230,0,0,2,2,none,"Gasconade, MO","Springfield, MO",USM,USM,4847 2500 6049 1521 6084 2230
511,3,2,2230,6102,0,16,2,3,regional_city,"Springfield, MO","Joplin, MO",USM,USM,2230 6102
512,3,4,6102,6070,16,0,2,3,regional_city,"Joplin, MO","Emporia, KS",USM,OMA,6102 3772 4578 6070
513,3,5,6102,6130,16,0,2,3,regional_city,"Joplin, MO","Tulsa, OK",USM,OMA,6102 2882 1253 1476 6130
514,2,7,2230,516,0,0,2,2,none,"Springfield, MO","Jonesboro, AR",USM,AMA,2230 5012 3740 90 2451 4244 516
515,2,4,516,5005,0,0,2,2,none,"Jonesboro, AR","Phillips, AR",AMA,AMA,516 69 1272 5005
516,5,2,5005,3935,0,0,3,5,dense_metro,"Phillips, AR","Memphis, TN",AMA,TMA,5005 3935
517,4,4,3756,4115,35,0,3,4,city_link,"St. Louis, MO","Poplar Bluff, MO",USM,USM,3756 6035 6060 4115
518,2,4,4115,516,0,0,2,2,none,"Poplar Bluff, MO","Jonesboro, AR",USM,AMA,4115 6123 3993 516
519,2,4,516,2803,0,0,2,2,none,"Jonesboro, AR","Conway, AR",AMA,AMA,516 4777 4602 2803
520,2,2,2803,4974,0,0,2,2,none,"Conway, AR","Conway, AR",AMA,AMA,2803 4974
521,3,2,4974,3442,0,30,2,3,regional_city,"Conway, AR","Little Rock, AR",AMA,AMA,4974 3442
522,5,6,3442,2986,30,0,2,5,dense_metro,"Little Rock, AR","Texarkana, TX",AMA,STX,3442 2365 4054 3737 2038 2986
523,5,5,2986,6300,0,45,2,5,dense_metro,"Texarkana, TX","Dallas-Fort Worth, TX",STX,STX,2986 352 132 3400 6300
524,5,2,6300,6302,45,40,2,5,major_corridor,"Dallas-Fort Worth, TX","Dallas-Fort Worth, TX",STX,STX,6300 6302
525,3,4,2120,4115,0,0,3,2,none,"Mount Vernon, IL","Poplar Bluff, MO",USM,USM,2120 238 1653 4115
526,2,4,5005,4505,0,0,2,2,none,"Phillips, AR","De Witt, AR",AMA,AMA,5005 6209 1177 4505
527,2,2,4505,2803,0,0,2,2,none,"De Witt, AR","Conway, AR",AMA,AMA,4505 2803
528,2,2,2803,4974,0,0,2,2,none,"Conway, AR","Conway, AR",AMA,AMA,2803 4974
529,2,3,4974,1897,0,0,2,2,none,"Conway, AR","Little Rock, AR",AMA,AMA,4974 4994 1897
530,2,4,1897,3081,0,0,2,2,none,"Little Rock, AR","McAlester, OK",AMA,OKC,1897 1348 6196 3081
531,2,3,3081,6223,0,0,2,2,none,"McAlester, OK","McAlester, OK",OKC,OKC,3081 4889 6223
532,2,4,6223,4653,0,0,2,2,none,"McAlester, OK","Oklahoma City, OK",OKC,OKC,6223 1849 2147 4653
533,2,2,4505,6239,0,0,2,2,none,"De Witt, AR","De Witt, AR",AMA,AMA,4505 6239
534,2,2,6239,3354,0,0,2,2,none,"De Witt, AR","Pine Bluff, AR",AMA,AMA,6239 3354
535,2,2,3354,3678,0,0,2,2,none,"Pine Bluff, AR","El Dorado, AR",AMA,AMA,3354 3678
536,2,5,3678,2986,0,0,2,2,none,"El Dorado, AR","Texarkana, TX",AMA,STX,3678 4384 3303 1759 2986
537,3,2,1897,3442,0,30,2,3,regional_city,"Little Rock, AR","Little Rock, AR",AMA,AMA,1897 3442
538,3,3,3442,3354,30,0,2,3,regional_city,"Little Rock, AR","Pine Bluff, AR",AMA,AMA,3442 4910 3354
539,2,2,3354,937,0,0,2,2,none,"Pine Bluff, AR","Pine Bluff, AR",AMA,AMA,3354 937
540,2,6,937,6309,0,0,2,2,none,"Pine Bluff, AR","Monroe, LA",AMA,NOM,937 1529 222 993 6299 6309
541,2,5,6309,255,0,0,2,2,none,"Monroe, LA","La Salle, LA",NOM,NOM,6309 2542 6335 3592 255
542,2,2,255,6350,0,0,2,2,none,"La Salle, LA","Natchitoches, LA",NOM,NOM,255 6350
543,2,3,6350,6376,0,0,2,2,none,"Natchitoches, LA","Alexandra, LA",NOM,NOM,6350 4549 6376
544,2,2,6376,4139,0,0,2,2,none,"Alexandra, LA","Alexandra, LA",NOM,NOM,6376 4139
545,2,4,4139,3877,0,0,2,2,none,"Alexandra, LA","LaFourche, LA",NOM,NOM,4139 3644 6388 3877
546,4,3,3877,2606,0,40,2,4,city_link,"LaFourche, LA","New Orleans, LA",NOM,NOM,3877 6400 2606
547,2,6,3877,4776,0,0,2,2,none,"LaFourche, LA","Lafayette, LA",NOM,NOM,3877 3990 1067 6394 2095 4776
548,2,3,4776,6387,0,0,2,2,none,"Lafayette, LA","Lake Charles, LA",NOM,NOM,4776 2354 6387
549,2,2,6387,1554,0,0,2,2,none,"Lake Charles, LA","Beaumont, TX",NOM,HMA,6387 1554
550,5,5,1554,6393,0,0,2,5,dense_metro,"Beaumont, TX","Houston, TX",HMA,HMA,1554 1302 6398 585 6393
551,5,2,6393,4438,0,45,2,5,dense_metro,"Houston, TX","Houston, TX",HMA,HMA,6393 4438
552,5,2,4438,3065,45,0,2,5,dense_metro,"Houston, TX","Houston, TX",HMA,HMA,4438 3065
553,2,2,3276,6316,0,0,2,2,none,"Shreveport, LA","Longview, TX",STX,STX,3276 6316
554,5,11,6316,6393,0,0,2,5,dense_metro,"Longview, TX","Houston, TX",STX,HMA,6316 3350 6333 210 342 2136 6364 588 4022 1250 6393
555,2,2,3276,2240,0,0,2,2,none,"Shreveport, LA","Longview, TX",STX,STX,3276 2240
556,5,7,2240,6300,0,45,2,5,dense_metro,"Longview, TX","Dallas-Fort Worth, TX",STX,STX,2240 4750 4730 57 3000 4102 6300
557,2,7,3081,2986,0,0,2,2,none,"McAlester, OK","Texarkana, TX",OKC,STX,3081 3846 580 3234 1334 6263 2986
558,2,2,2986,2316,0,0,2,2,none,"Texarkana, TX","Texarkana, TX",STX,STX,2986 2316
559,2,2,2316,3276,0,0,2,2,none,"Texarkana, TX","Shreveport, LA",STX,STX,2316 3276
560,2,2,2986,2316,0,0,2,2,none,"Texarkana, TX","Texarkana, TX",STX,STX,2986 2316
561,2,3,2316,2240,0,0,2,2,none,"Texarkana, TX","Longview, TX",STX,STX,2316 6304 2240
562,2,3,2328,4139,0,0,2,2,none,"Baton Rouge, LA","Alexandra, LA",NOM,NOM,2328 2522 4139
563,2,3,6376,4776,0,0,2,2,none,"Alexandra, LA","Lafayette, LA",NOM,NOM,6376 3274 4776
564,2,3,4776,2315,0,0,2,2,none,"Lafayette, LA","Lake Charles, LA",NOM,NOM,4776 4820 2315
565,2,3,2315,1554,0,0,2,2,none,"Lake Charles, LA","Beaumont, TX",NOM,HMA,2315 6380 1554
566,2,3,255,6317,0,0,2,2,none,"La Salle, LA","Shreveport, LA",NOM,NOM,255 6331 6317
567,2,5,6317,3678,0,0,2,2,none,"Shreveport, LA","El Dorado, AR",NOM,AMA,6317 5085 932 2884 3678
568,2,2,937,6239,0,0,2,2,none,"Pine Bluff, AR","De Witt, AR",AMA,AMA,937 6239
569,3,3,6042,1768,0,25,2,3,regional_city,"Emporia, KS","Cowley, KS",OMA,OMA,6042 807 1768
570,3,3,1768,4148,25,0,2,3,regional_city,"Cowley, KS","Cowley, KS",OMA,OMA,1768 6078 4148
571,2,6,4148,4676,0,0,2,2,none,"Cowley, KS","Stillwater, OK",OMA,OKC,4148 448 4875 2448 805 4676
572,2,3,2156,4148,0,0,2,2,none,"Cowley, KS","Cowley, KS",OMA,OMA,2156 50 4148
573,2,12,4148,3765,0,15,2,2,none,"Cowley, KS","Amarillo, TX",OMA,LMA,4148 2913 4353 1997 3313 2336 1729 4631 6171 1190 372 3765
574,2,8,3765,1437,15,0,2,2,none,"Amarillo, TX","Trinidad, CO",LMA,LMA,3765 62 2589 3659 3076 6109 6099 1437
575,2,4,1437,2331,0,0,2,2,none,"Trinidad, CO","Trinidad, CO",LMA,LMA,1437 1199 823 2331
576,4,5,1896,1835,0,40,2,4,city_link,"Aspen, CO","Denver, CO",DMA,DMA,1896 3279 5943 2889 1835
577,5,6,6223,6300,0,45,2,5,dense_metro,"McAlester, OK","Dallas-Fort Worth, TX",OKC,STX,6223 3566 1605 6264 2901 6300
578,2,4,3175,668,0,0,2,2,none,"Plainville, TX","Lubbock, TX",STX,STX,3175 6230 4133 668
579,2,4,970,668,0,0,2,2,none,"San Angelo, TX","Lubbock, TX",STX,STX,970 2015 4717 668
580,2,3,668,1270,0,0,2,2,none,"Lubbock, TX","Tucumcari, NM",STX,LMA,668 3662 1270
581,2,3,3966,3352,0,0,2,2,none,"Lawton, OK","Vernon, TX",LMA,STX,3966 3895 3352
582,2,8,3352,970,0,0,2,2,none,"Vernon, TX","San Angelo, TX",STX,STX,3352 411 1174 6268 2556 6291 3264 970
583,5,2,6280,6300,0,45,2,5,dense_metro,"Greater Dallas-Fort Worth Area, TX","Dallas-Fort Worth, TX",STX,STX,6280 6300
584,5,2,821,6300,0,45,2,5,dense_metro,"Dallas-Fort Worth, TX","Dallas-Fort Worth, TX",STX,STX,821 6300
585,2,8,1144,206,0,0,2,2,none,"Abilene, TX","Waco, TX",STX,STX,1144 6323 1583 3348 280 6363 2859 206
586,5,4,2608,3473,0,10,2,5,dense_metro,"Greater Dallas-Fort Worth Area, TX","Waco, TX",STX,STX,2608 3154 2669 3473
587,2,5,6316,4428,0,0,2,2,none,"Longview, TX","Navarro, TX",STX,STX,6316 2665 3870 1460 4428
588,5,3,4428,6361,0,16,2,5,dense_urban_link,"Navarro, TX","Huntsville, TX",STX,HMA,4428 14 6361
589,5,2,6361,1255,16,0,2,5,dense_urban_link,"Huntsville, TX","Bastrop, TX",HMA,HMA,6361 1255
590,2,2,1255,2964,0,0,2,2,none,"Bastrop, TX","Bastrop, TX",HMA,HMA,1255 2964
591,5,6,2964,6404,0,0,2,5,dense_metro,"Bastrop, TX","San Antonio, TX",HMA,AMF,2964 2131 3821 831 6397 6404
592,5,2,6404,4257,0,0,2,5,dense_metro,"San Antonio, TX","San Antonio, TX",AMF,AMF,6404 4257
593,5,2,4257,4342,0,0,2,5,dense_metro,"San Antonio, TX","San Antonio, TX",AMF,AMF,4257 4342
594,5,2,4342,183,0,0,2,5,dense_metro,"San Antonio, TX","San Antonio, TX",AMF,AMF,4342 183
595,5,4,183,343,0,0,2,5,dense_metro,"San Antonio, TX","Laredo, TX",AMF,AMF,183 3102 4190 343
596,2,2,343,2910,0,0,2,2,none,"Laredo, TX","Crockett, TX",AMF,AMF,343 2910
597,5,8,2910,3643,0,0,2,5,dense_metro,"Crockett, TX","El Paso, TX",AMF,AMF,2910 6382 2113 6386 3977 1372 2249 3643
598,5,5,3643,6332,0,0,2,5,dense_metro,"El Paso, TX","El Paso, TX",AMF,AMF,3643 3725 2662 2468 6332
599,3,8,3643,2168,0,0,3,5,dense_metro,"El Paso, TX",Chihuahua,AMF,MEX,3643 432 2984 4422 793 3799 6409 2168
600,3,4,2910,5041,0,0,3,5,dense_metro,"Crockett, TX",Coahuila,AMF,MEX,2910 3961 1510 5041
601,3,2,5041,2628,0,0,3,2,none,Coahuila,Coahuila,MEX,MEX,5041 2628
602,3,3,2628,184,0,0,3,2,none,Coahuila,Coahuila,MEX,MEX,2628 3161 184
603,3,3,343,5041,0,0,3,5,dense_metro,"Laredo, TX",Coahuila,AMF,MEX,343 2526 5041
604,5,5,1081,719,0,10,2,5,dense_metro,"Houston, TX","Victoria, TX",HMA,HMA,1081 1642 2509 1783 719
605,2,2,719,2780,10,0,2,2,none,"Victoria, TX","Victoria, TX",HMA,HMA,719 2780
606,2,2,2780,6439,0,0,2,2,none,"Victoria, TX","Portland, TX",HMA,AMF,2780 6439
607,5,6,6439,867,0,33,2,5,dense_metro,"Portland, TX","Corpus Christi, TX",AMF,AMF,6439 3244 610 921 2723 867
608,3,8,867,6472,33,0,3,5,dense_metro,"Corpus Christi, TX","Monterrey, NL",AMF,MEX,867 1126 6470 5030 2005 2386 3692 6472
609,2,3,6415,719,0,10,2,2,none,"Victoria, TX","Victoria, TX",HMA,HMA,6415 2223 719
610,2,2,719,2780,10,0,2,2,none,"Victoria, TX","Victoria, TX",HMA,HMA,719 2780
611,2,2,2780,4299,0,0,2,2,none,"Victoria, TX","Portland, TX",HMA,AMF,2780 4299
612,5,8,4299,867,0,33,2,5,dense_metro,"Portland, TX","Corpus Christi, TX",AMF,AMF,4299 6432 3525 4891 3826 4861 3032 867
613,2,3,6439,4299,0,0,2,2,none,"Portland, TX","Portland, TX",AMF,AMF,6439 4425 4299
614,5,4,4299,6412,0,0,2,5,dense_metro,"Portland, TX","San Antonio, TX",AMF,AMF,4299 3561 652 6412
615,5,2,6412,4342,0,0,2,5,dense_metro,"San Antonio, TX","San Antonio, TX",AMF,AMF,6412 4342
616,5,2,4257,6412,0,0,2,5,dense_metro,"San Antonio, TX","San Antonio, TX",AMF,AMF,4257 6412
617,5,2,6412,183,0,0,2,5,dense_metro,"San Antonio, TX","San Antonio, TX",AMF,AMF,6412 183
618,3,10,183,4878,0,0,3,5,dense_metro,"San Antonio, TX","Monterrey, NL",AMF,MEX,183 4557 566 4095 1942 4305 446 6461 1636 4878
619,5,4,2433,6404,0,0,2,5,dense_metro,"Victoria, TX","San Antonio, TX",HMA,AMF,2433 2907 3817 6404
620,2,4,2433,2964,0,0,2,2,none,"Victoria, TX","Bastrop, TX",HMA,HMA,2433 4870 4454 2964
621,5,2,4438,3147,45,0,2,5,dense_metro,"Houston, TX","Houston, TX",HMA,HMA,4438 3147
622,5,3,3147,2433,0,0,2,5,dense_metro,"Houston, TX","Victoria, TX",HMA,HMA,3147 2415 2433
623,5,3,3147,6357,0,0,2,5,dense_metro,"Houston, TX","Huntsville, TX",HMA,HMA,3147 6383 6357
624,2,2,6357,4428,0,0,2,2,none,"Huntsville, TX","Navarro, TX",HMA,STX,6357 4428
625,2,2,4428,3749,0,0,2,2,none,"Navarro, TX","Navarro, TX",STX,STX,4428 3749
626,5,3,3749,821,0,0,2,5,dense_metro,"Navarro, TX","Dallas-Fort Worth, TX",STX,STX,3749 4672 821
627,5,3,6357,6361,0,16,2,5,dense_urban_link,"Huntsville, TX","Huntsville, TX",HMA,HMA,6357 756 6361
628,5,2,6361,3864,16,0,2,5,dense_urban_link,"Huntsville, TX","Navarro, TX",HMA,STX,6361 3864
629,2,2,3864,3749,0,0,2,2,none,"Navarro, TX","Navarro, TX",STX,STX,3864 3749
630,5,2,3864,6330,0,16,2,5,dense_urban_link,"Navarro, TX","Navarro, TX",STX,STX,3864 6330
631,5,8,4771,2411,33,0,2,5,dense_metro,"El Paso, TX","Santa Fe, NM",AMF,AMO,4771 2239 3440 3112 6255 3463 853 2411
632,5,8,4771,2579,33,0,2,5,dense_metro,"El Paso, TX","Santa Fe, NM",AMF,AMO,4771 3767 1178 876 1866 841 6207 2579
633,2,7,1569,4945,0,0,2,2,none,"Clovis, NM","Reeves, TX",AMO,AMF,1569 900 3623 3531 4552 4274 4945
634,2,5,339,1927,0,0,2,2,none,"Mojave, CA","Prescott, AZ",SCA,SAZ,339 6181 141 3058 1927
635,3,3,1927,1875,0,20,2,3,regional_city,"Prescott, AZ","Phoenix, AZ",SAZ,SAZ,1927 1509 1875
636,3,5,1875,4401,20,10,2,3,regional_city,"Phoenix, AZ","Pima, AZ",SAZ,AMO,1875 6221 4170 6237 4401
637,3,2,1371,1875,15,20,2,3,regional_city,"Phoenix, AZ","Phoenix, AZ",SAZ,SAZ,1371 1875
638,3,2,1875,1927,20,0,2,3,regional_city,"Phoenix, AZ","Prescott, AZ",SAZ,SAZ,1875 1927
639,2,4,1927,109,0,0,2,2,none,"Prescott, AZ","Pima, AZ",SAZ,AMO,1927 3452 2251 109
640,3,9,4779,3830,0,0,3,2,none,"Vancouver, BC","Calgary, AB",CAN,CAN,4779 3148 269 5405 707 4283 2517 699 3830
641,3,2,3830,5403,0,0,3,2,none,"Calgary, AB","Calgary, AB",CAN,CAN,3830 5403
642,3,3,5403,1944,0,0,3,2,none,"Calgary, AB","Calgary, AB",CAN,CAN,5403 4748 1944
643,3,8,1944,2442,0,0,3,2,none,"Calgary, AB","Saskatoon, SK",CAN,CAN,1944 869 5417 4503 5407 1408 5404 2442
644,3,4,2442,2498,0,0,3,2,none,"Saskatoon, SK","Saskatoon, SK",CAN,CAN,2442 1698 1086 2498
645,3,11,2498,5449,0,0,3,2,none,"Saskatoon, SK","Brandon, MB",CAN,CAN,2498 4778 121 5415 2668 3824 5002 4161 1819 2627 5449
646,3,6,4189,1459,0,0,3,2,none,"Hanover, MB",Ontario,CAN,CAN,4189 4933 29 5439 940 1459
647,3,4,1459,3410,0,0,3,2,none,Ontario,Ontario,CAN,CAN,1459 2637 329 3410
648,3,4,3410,5484,0,0,3,2,none,Ontario,Ontario,CAN,CAN,3410 3124 2184 5484
649,3,5,5484,3508,0,0,3,2,none,Ontario,Ontario,CAN,CAN,5484 693 5473 3694 3508
650,3,2,3508,5429,0,0,3,2,none,Ontario,Ontario,CAN,CAN,3508 5429
651,3,2,5429,5421,0,0,3,2,none,Ontario,Ontario,CAN,CAN,5429 5421
652,3,5,5421,1805,0,0,3,2,none,Ontario,Ontario,CAN,CAN,5421 2603 4413 904 1805
653,3,7,1805,5453,0,0,3,2,none,Ontario,Ontario,CAN,CAN,1805 2029 4183 5431 1014 4674 5453
654,3,7,5453,46,0,0,3,2,none,Ontario,Quebec,CAN,CAN,5453 2474 5430 1222 4617 182 46
655,3,9,46,5466,0,0,3,5,dense_metro,Quebec,Quebec,CAN,CAN,46 5450 3257 2322 737 3893 1651 2456 5466
656,3,4,5466,4813,0,33,3,5,dense_metro,Quebec,Quebec,CAN,CAN,5466 5485 3357 4813
657,4,2,4813,6701,33,0,3,5,dense_metro,Quebec,"Middlesex, NJ",CAN,,4813 6701
658,3,7,1259,2446,0,0,3,5,dense_metro,New Brunswick,"Eastern Townships, QC",CAN,CAN,1259 4437 3435 2738 4462 2170 2446
659,3,9,2446,4483,0,0,3,2,none,"Eastern Townships, QC","Eastern Townships, QC",CAN,CAN,2446 2398 2152 647 2654 5414 3358 5441 4483
660,3,10,4483,3125,0,0,3,2,none,"Eastern Townships, QC","Eastern Townships, QC",CAN,CAN,4483 1629 5486 4712 842 3639 1472 4682 2867 3125
661,3,6,2446,1475,0,0,3,2,none,"Eastern Townships, QC","Eastern Townships, QC",CAN,CAN,2446 5385 1247 5378 3681 1475
662,3,5,3529,4483,0,0,3,2,none,"Aroostook, ME","Eastern Townships, QC",CMM,CAN,3529 2352 2164 3046 4483
663,5,2,4159,3636,0,0,3,5,dense_metro,"Somerset, ME","Mecklenberg, NC",CMM,CMM,4159 3636
664,5,7,3636,3529,0,0,3,5,dense_metro,"Mecklenberg, NC","Aroostook, ME",CMM,CMM,3636 4570 2033 1731 5446 5436 3529
665,4,7,3529,1259,0,0,3,5,dense_metro,"Aroostook, ME",New Brunswick,CMM,CAN,3529 2417 1361 1036 76 3731 1259
666,3,2,1259,3657,0,0,3,5,dense_metro,New Brunswick,New Brunswick,CAN,CAN,1259 3657
667,3,3,3657,3652,0,0,3,5,dense_metro,New Brunswick,Nova Scotia,CAN,CAN,3657 905 3652
668,3,6,3652,4157,0,0,3,5,dense_metro,Nova Scotia,"Cape Breton Island, NS",CAN,CAN,3652 2766 4232 5423 4064 4157
669,3,4,2425,3657,0,0,3,5,dense_metro,"St. John, NB",New Brunswick,CAN,CAN,2425 3554 4713 3657
670,3,4,3652,5481,0,0,3,5,dense_metro,Nova Scotia,Nova Scotia,CAN,CAN,3652 1453 2123 5481
671,3,2,5481,3184,0,0,3,5,dense_metro,Nova Scotia,Nova Scotia,CAN,CAN,5481 3184
672,3,6,3184,3184,0,0,3,5,dense_metro,Nova Scotia,Nova Scotia,CAN,CAN,3184 169 3755 3997 4727 3184
673,3,2,3184,5481,0,0,3,5,dense_metro,Nova Scotia,Nova Scotia,CAN,CAN,3184 5481
674,3,11,3464,5276,0,0,3,2,none,Newfoundland,Newfoundland,CAN,CAN,3464 2311 3210 400 4508 1491 415 5253 3089 462 5276
675,3,3,5276,2716,0,16,3,5,dense_urban_link,Newfoundland,Newfoundland,CAN,CAN,5276 5298 2716
676,3,2,5276,4655,0,0,3,2,none,Newfoundland,Newfoundland,CAN,CAN,5276 4655
677,3,8,5318,700,0,0,3,2,none,Quebec,Quebec,CAN,CAN,5318 4595 4155 3634 3838 2616 5252 700
678,3,6,5318,2206,0,0,3,2,none,Quebec,Saint-Pierre-et-Miquelon,CAN,CAN,5318 2454 2390 5260 2122 2206
679,3,4,2206,3550,0,0,3,2,none,Saint-Pierre-et-Miquelon,Saint-Pierre-et-Miquelon,CAN,CAN,2206 5210 1522 3550
680,3,2,2206,882,0,0,3,2,none,Saint-Pierre-et-Miquelon,Saint-Pierre-et-Miquelon,CAN,CAN,2206 882
681,3,7,4245,5620,0,0,3,5,dense_metro,British Columbia,Ontario,CAN,CAN,4245 5642 3493 4568 2798 795 5620
682,3,6,5620,5564,0,0,3,5,dense_metro,Ontario,"Vaudreuil-Soulanges, QC",CAN,CAN,5620 3988 1531 5581 3256 5564
683,3,2,5564,6714,0,45,3,5,dense_metro,"Vaudreuil-Soulanges, QC","ile de Montreal, QC",CAN,CAN,5564 6714
684,3,4,5564,4579,0,42,3,5,dense_metro,"Vaudreuil-Soulanges, QC",Ontario,CAN,CAN,5564 1766 2703 4579
685,3,7,4579,3702,42,0,3,5,dense_metro,Ontario,Ontario,CAN,CAN,4579 947 1786 5572 2664 1297 3702
686,3,3,3702,5552,0,0,3,5,dense_metro,Ontario,Ontario,CAN,CAN,3702 3185 5552
687,3,2,5552,2727,0,16,3,5,dense_metro,Ontario,Ontario,CAN,CAN,5552 2727
688,3,8,2727,5536,16,0,3,3,regional_city,Ontario,Ontario,CAN,CAN,2727 147 3848 5575 690 3417 4442 5536
689,3,7,3508,5480,0,0,3,2,none,Ontario,Ontario,CAN,CAN,3508 3254 3286 1630 5475 4158 5480
690,3,2,5480,3219,0,0,3,2,none,Ontario,Ontario,CAN,CAN,5480 3219
691,3,7,3219,2727,0,16,3,3,regional_city,Ontario,Ontario,CAN,CAN,3219 1099 2006 2373 4807 5533 2727
692,3,7,3702,5453,0,0,3,5,dense_metro,Ontario,Ontario,CAN,CAN,3702 4873 3582 5494 1075 4613 5453
693,3,7,5453,4185,0,0,3,2,none,Ontario,Ontario,CAN,CAN,5453 4090 2226 529 3188 4378 4185
694,3,3,46,1995,0,0,3,2,none,Quebec,Quebec,CAN,CAN,46 4747 1995
695,3,4,1995,2312,0,0,3,2,none,Quebec,Quebec,CAN,CAN,1995 5406 726 2312
696,3,9,1995,5420,0,16,3,3,regional_city,Quebec,Quebec,CAN,CAN,1995 2394 5397 2024 1869 292 1440 2624 5420
697,3,2,5420,3533,16,0,3,3,regional_city,Quebec,Quebec,CAN,CAN,5420 3533
698,3,4,5420,1277,16,0,3,5,dense_metro,Quebec,Quebec,CAN,CAN,5420 3419 1243 1277
699,3,2,1277,4813,0,33,3,5,dense_metro,Quebec,Quebec,CAN,CAN,1277 4813
700,3,2,1277,5466,0,0,3,5,dense_metro,Quebec,Quebec,CAN,CAN,1277 5466
701,3,4,5620,4579,0,42,3,5,dense_metro,Ontario,Ontario,CAN,CAN,5620 5604 5593 4579
702,3,6,3983,5484,0,0,3,2,none,"Duluth, MN",Ontario,SMN,CAN,3983 1154 1166 1744 5482 5484
703,3,2,3410,2157,0,0,3,2,none,Ontario,Ontario,CAN,CAN,3410 2157
704,3,10,5429,2157,0,0,3,2,none,Ontario,Ontario,CAN,CAN,5429 1469 5416 3543 2921 4078 4417 5440 5426 2157
705,3,2,2157,4787,0,0,3,2,none,Ontario,Ontario,CAN,CAN,2157 4787
706,3,2,4787,1459,0,0,3,2,none,Ontario,Ontario,CAN,CAN,4787 1459
707,3,2,4189,4256,0,0,3,2,none,"Hanover, MB","Hanover, MB",CAN,CAN,4189 4256
708,3,3,4189,5437,0,33,3,4,city_link,"Hanover, MB","Winnipeg, MB",CAN,CAN,4189 3667 5437
709,3,2,5437,4221,33,0,3,4,city_link,"Winnipeg, MB","Winnipeg, MB",CAN,CAN,5437 4221
710,3,4,4221,139,0,0,3,2,none,"Winnipeg, MB","Winnipeg, MB",CAN,CAN,4221 5409 2177 139
711,3,3,4221,915,0,10,3,2,none,"Winnipeg, MB","Winnipeg, MB",CAN,CAN,4221 1910 915
712,3,5,915,3911,10,0,3,2,none,"Winnipeg, MB","Saskatoon, SK",CAN,CAN,915 4626 3691 4480 3911
713,3,3,3911,4343,0,0,3,2,none,"Saskatoon, SK","Saskatoon, SK",CAN,CAN,3911 240 4343
714,3,2,4343,2498,0,0,3,2,none,"Saskatoon, SK","Saskatoon, SK",CAN,CAN,4343 2498
715,3,6,4343,3766,0,0,3,2,none,"Saskatoon, SK","Kindersley, SK",CAN,CAN,4343 2752 5383 1000 2751 3766
716,3,2,3766,4953,0,6,3,2,none,"Kindersley, SK","Kindersley, SK",CAN,CAN,3766 4953
717,3,6,4953,262,6,0,3,2,none,"Kindersley, SK","Saskatoon, SK",CAN,CAN,4953 4116 3450 1724 1296 262
718,3,7,262,2035,0,0,3,2,none,"Saskatoon, SK","Winnipeg, MB",CAN,CAN,262 5344 627 5020 2023 2872 2035
719,3,4,2035,5422,0,0,3,2,none,"Winnipeg, MB","Winnipeg, MB",CAN,CAN,2035 5396 2167 5422
720,3,3,5422,4221,0,0,3,2,none,"Winnipeg, MB","Winnipeg, MB",CAN,CAN,5422 1215 4221
721,3,2,5422,915,0,10,3,2,none,"Winnipeg, MB","Winnipeg, MB",CAN,CAN,5422 915
722,3,4,2035,2292,0,0,3,2,none,"Winnipeg, MB","Saskatoon, SK",CAN,CAN,2035 3443 3974 2292
723,3,8,2292,3766,0,0,3,2,none,"Saskatoon, SK","Kindersley, SK",CAN,CAN,2292 2002 4406 4230 4051 2244 1890 3766
724,3,3,3911,2292,0,0,3,2,none,"Saskatoon, SK","Saskatoon, SK",CAN,CAN,3911 1029 2292
725,3,4,2292,262,0,0,3,2,none,"Saskatoon, SK","Saskatoon, SK",CAN,CAN,2292 5359 2495 262
726,3,5,262,5297,0,0,3,2,none,"Saskatoon, SK",Central Northern Manitoba,CAN,CAN,262 4567 2199 1895 5297
727,3,8,5297,318,0,0,3,2,none,Central Northern Manitoba,Central Northern Manitoba,CAN,CAN,5297 4657 2477 97 4610 401 1295 318
728,3,8,5297,1572,0,0,3,2,none,Central Northern Manitoba,North Manitoba,CAN,CAN,5297 1486 5262 2314 2869 1908 3996 1572
729,3,9,3911,3766,0,0,3,2,none,"Saskatoon, SK","Kindersley, SK",CAN,CAN,3911 4461 4565 3095 3514 1474 73 5355 3766
730,3,13,2442,5362,0,0,3,2,none,"Saskatoon, SK","Edmonton, AB",CAN,CAN,2442 2356 3063 4751 5375 1103 2784 2934 5353 1689 5360 2550 5362
731,3,2,5362,1528,0,0,3,2,none,"Edmonton, AB","Edmonton, AB",CAN,CAN,5362 1528
732,3,14,1528,3617,0,0,3,2,none,"Edmonton, AB","Vancouver, BC",CAN,CAN,1528 5365 3728 1120 2570 5335 249 5341 2942 3839 5053 4880 3653 3617
733,3,8,3617,355,0,0,3,2,none,"Vancouver, BC",Northern Alberta,CAN,CAN,3617 3995 1336 2933 828 776 5270 355
734,2,7,355,1317,0,0,2,2,none,Northern Alberta,Northern Alberta,CAN,CAN,355 5074 231 3212 5044 5266 1317
735,2,2,1317,2034,0,0,2,2,none,Northern Alberta,Northern Alberta,CAN,CAN,1317 2034
736,2,2,2034,4429,0,0,2,2,none,Northern Alberta,Northern Alberta,CAN,CAN,2034 4429
737,2,5,4429,4509,0,0,2,2,none,Northern Alberta,Northern Alberta,CAN,CAN,4429 1167 526 468 4509
738,3,7,1317,1528,0,0,3,2,none,Northern Alberta,"Edmonton, AB",CAN,CAN,1317 1400 334 1588 2253 3155 1528
739,3,5,1528,3830,0,0,3,2,none,"Edmonton, AB","Calgary, AB",CAN,CAN,1528 5376 2620 4112 3830
740,3,2,3830,5403,0,0,3,2,none,"Calgary, AB","Calgary, AB",CAN,CAN,3830 5403
741,3,5,5403,1816,0,0,3,2,none,"Calgary, AB","Great Falls, MT",CAN,MMS,5403 2104 4058 2990 1816
742,3,5,5362,1944,0,0,3,2,none,"Edmonton, AB","Calgary, AB",CAN,CAN,5362 2118 822 1782 1944
743,3,4,3617,3221,0,0,3,2,none,"Vancouver, BC","Vancouver, BC",CAN,CAN,3617 8 3628 3221
744,3,12,3776,2483,33,0,3,4,city_link,Northern British Columbia,"Vancouver, BC",CAN,CAN,3776 92 3736 2807 5320 1108 5299 2066 5279 2070 3685 2483
745,3,11,2483,488,0,0,3,2,none,"Vancouver, BC",Northern British Columbia,CAN,CAN,2483 476 3018 4741 1249 2450 3984 4647 5153 1212 488
746,3,2,2483,2546,0,0,3,2,none,"Vancouver, BC",Northern British Columbia,CAN,CAN,2483 2546
747,2,8,2546,5116,0,0,2,2,none,Northern British Columbia,Northern British Columbia,CAN,CAN,2546 5173 3120 4874 5155 4785 4894 5116
748,2,6,2546,1325,0,0,2,2,none,Northern British Columbia,Northern British Columbia,CAN,CAN,2546 5178 1083 598 5133 1325
749,2,3,1325,1967,0,0,2,2,none,Northern British Columbia,Northern British Columbia,CAN,CAN,1325 4187 1967
750,2,9,1325,1169,0,0,2,2,none,Northern British Columbia,Northern Alberta,CAN,CAN,1325 578 4920 1042 3721 5174 2700 3837 1169
751,2,4,1169,2569,0,0,2,2,none,Northern Alberta,Northern Alberta,CAN,CAN,1169 1512 4279 2569
752,2,9,1169,2034,0,0,2,2,none,Northern Alberta,Northern Alberta,CAN,CAN,1169 5058 2283 5208 1117 2516 2291 2117 2034
753,3,8,2483,355,0,0,3,2,none,"Vancouver, BC",Northern Alberta,CAN,CAN,2483 5230 3434 1544 3320 3573 1524 355
754,2,7,4429,1619,0,0,2,2,none,Northern Alberta,Northern Alberta,CAN,CAN,4429 5238 4605 1094 1956 1592 1619
755,3,5,1317,2129,0,0,3,2,none,Northern Alberta,"Edmonton, AB",CAN,CAN,1317 1523 5290 4952 2129
756,3,8,2129,4953,0,6,3,2,none,"Edmonton, AB","Kindersley, SK",CAN,CAN,2129 1359 4836 840 3326 5333 1817 4953
757,3,8,2129,3766,0,0,3,2,none,"Edmonton, AB","Kindersley, SK",CAN,CAN,2129 5331 508 1833 118 4219 5350 3766
758,3,4,5390,513,0,0,3,2,none,"Vancouver Island, BC","Vancouver Island, BC",CAN,CAN,5390 1162 5363 513
759,3,4,6272,1532,30,0,3,3,regional_city,"Tucson, AZ",Sonora,AMO,MEX,6272 2097 4184 1532
760,3,3,1532,1952,0,0,3,2,none,Sonora,Sonora,MEX,MEX,1532 1353 1952
761,3,5,1532,6343,0,0,3,2,none,Sonora,Sonora,MEX,MEX,1532 2279 434 2043 6343
762,2,13,4206,6507,0,0,2,2,none,"Los Mochis, SI","Mazatlan, SI",MEX,MEX,4206 418 6465 2255 3850 338 6478 6485 1700 2748 4013 1392 6507
763,3,6,6507,2535,0,0,3,2,none,"Mazatlan, SI","Durango, DG",MEX,MEX,6507 3143 6493 2101 3051 2535
764,2,7,6507,3033,0,0,2,2,none,"Mazatlan, SI","Tepic, NA",MEX,MEX,6507 3470 2444 2299 4611 5061 3033
765,3,4,2535,1834,0,0,3,2,none,"Durango, DG","Gomez Palacio, DG",MEX,MEX,2535 3852 2845 1834
766,3,10,4206,3625,0,0,3,2,none,"Los Mochis, SI",Chihuahua,MEX,MEX,4206 3560 6450 3843 6435 1260 2457 768 3951 3625
767,3,10,3625,2617,0,50,3,5,major_corridor,Chihuahua,Chihuahua,MEX,MEX,3625 5072 1940 4320 550 4639 1239 3375 2069 2617
768,3,2,2617,4771,50,33,3,5,major_corridor,Chihuahua,"El Paso, TX",MEX,AMF,2617 4771
769,3,10,2617,2168,50,0,3,5,major_corridor,Chihuahua,Chihuahua,MEX,MEX,2617 232 2917 622 825 6375 4980 2413 3118 2168
770,3,6,2168,1830,0,0,3,2,none,Chihuahua,Chihuahua,MEX,MEX,2168 4323 4238 1176 5040 1830
771,3,2,1830,4453,0,0,3,2,none,Chihuahua,Chihuahua,MEX,MEX,1830 4453
772,3,5,4453,1493,0,0,3,2,none,Chihuahua,"Gomez Palacio, DG",MEX,MEX,4453 2585 2109 2749 1493
773,3,6,1493,2473,0,0,3,2,none,"Gomez Palacio, DG",Coahuila,MEX,MEX,1493 6466 252 3426 4085 2473
774,3,3,2473,4271,0,0,3,2,none,Coahuila,Coahuila,MEX,MEX,2473 6473 4271
775,3,2,4271,4878,0,0,3,2,none,Coahuila,"Monterrey, NL",MEX,MEX,4271 4878
776,3,3,4878,6472,0,0,3,2,none,"Monterrey, NL","Monterrey, NL",MEX,MEX,4878 2661 6472
777,3,3,3625,2168,0,0,3,2,none,Chihuahua,Chihuahua,MEX,MEX,3625 2930 2168
778,3,3,1830,316,0,0,3,2,none,Chihuahua,"Gomez Palacio, DG",MEX,MEX,1830 4099 316
779,3,4,4453,946,0,0,3,2,none,Chihuahua,Coahuila,MEX,MEX,4453 3187 6451 946
780,3,4,946,4307,0,0,3,2,none,Coahuila,Chihuahua,MEX,MEX,946 2175 3293 4307
781,3,4,2473,184,0,0,3,2,none,Coahuila,Coahuila,MEX,MEX,2473 199 6456 184
782,3,5,184,946,0,0,3,2,none,Coahuila,Coahuila,MEX,MEX,184 43 4476 2462 946
783,3,2,2628,2338,0,0,3,2,none,Coahuila,Coahuila,MEX,MEX,2628 2338
784,3,11,6472,2449,0,0,3,2,none,"Monterrey, NL","Ciudad Victoria, TM",MEX,MEX,6472 813 4141 450 1757 3200 479 4756 6505 6513 2449
785,2,3,2449,6538,0,0,2,2,none,"Ciudad Victoria, TM","Ciudad Victoria, TM",MEX,MEX,2449 753 6538
786,2,5,2449,6552,0,0,2,2,none,"Ciudad Victoria, TM","Ciudad Valles, SL",MEX,MEX,2449 4007 5073 2802 6552
787,2,4,6552,6538,0,0,2,2,none,"Ciudad Valles, SL","Ciudad Victoria, TM",MEX,MEX,6552 4259 3809 6538
788,3,3,6538,3509,0,0,3,2,none,"Ciudad Victoria, TM",Veracruz,MEX,MEX,6538 3243 3509
789,2,8,6552,2582,0,0,2,2,none,"Ciudad Valles, SL","San Luis Potosi, SL",MEX,MEX,6552 6550 3548 2983 5064 383 6541 2582
790,2,2,2582,4732,0,0,2,2,none,"San Luis Potosi, SL","San Luis Potosi, SL",MEX,MEX,2582 4732
791,3,4,4732,6577,0,0,3,2,none,"San Luis Potosi, SL",Guanajuato,MEX,MEX,4732 3324 6565 6577
792,3,4,4732,3455,0,0,3,2,none,"San Luis Potosi, SL",Guanajuato,MEX,MEX,4732 2677 6564 3455
793,3,6,2582,4381,0,33,3,4,city_link,"San Luis Potosi, SL",Aguascalientes,MEX,MEX,2582 3122 2496 2234 4680 4381
794,3,9,4381,6572,33,0,3,4,city_link,Aguascalientes,Guanajuato,MEX,MEX,4381 740 6553 3217 3017 2410 6576 4414 6572
795,3,7,4381,3723,33,0,3,4,city_link,Aguascalientes,"Fresnillo, ZA",MEX,MEX,4381 1713 6524 6508 496 4010 3723
796,3,5,3723,4402,0,0,3,2,none,"Fresnillo, ZA",Coahuila,MEX,MEX,3723 1393 149 2565 4402
797,3,2,4402,1493,0,0,3,2,none,Coahuila,"Gomez Palacio, DG",MEX,MEX,4402 1493
798,3,7,4402,6481,0,0,3,2,none,Coahuila,Coahuila,MEX,MEX,4402 2102 3377 3906 6480 3029 6481
799,3,5,4402,5083,0,33,3,4,city_link,Coahuila,"Durango, DG",MEX,MEX,4402 1123 1682 4823 5083
800,3,2,5083,2535,33,0,3,4,city_link,"Durango, DG","Durango, DG",MEX,MEX,5083 2535
801,3,2,4271,6481,0,0,3,2,none,Coahuila,Coahuila,MEX,MEX,4271 6481
802,3,5,6481,176,0,0,3,2,none,Coahuila,"Monctezuma, SL",MEX,MEX,6481 6488 1612 4439 176
803,2,6,176,2582,0,0,2,2,none,"Monctezuma, SL","San Luis Potosi, SL",MEX,MEX,176 6503 4162 2922 2862 2582
804,3,3,6481,3296,0,0,3,2,none,Coahuila,"Fresnillo, ZA",MEX,MEX,6481 4817 3296
805,2,2,176,6499,0,0,2,2,none,"Monctezuma, SL","Monctezuma, SL",MEX,MEX,176 6499
806,3,6,5083,3723,33,0,3,4,city_link,"Durango, DG","Fresnillo, ZA",MEX,MEX,5083 1807 6495 6496 943 3723
807,3,6,4046,1743,42,0,3,4,city_link,Yucatan,Yucatan,MEX,MEX,4046 4125 6571 3950 2288 1743
808,3,2,4999,6559,0,30,3,3,regional_city,"Ouest, HT","Ouest, HT",HAI,HAI,4999 6559
809,2,3,2722,3536,0,0,2,2,none,"Samana, DO","La Vega, DO",DOM,DOM,2722 4921 3536
810,2,7,2883,2762,0,0,2,2,none,"Pinar del Rio, CU","Mayabeque, CU",CUB,CUB,2883 1248 979 748 3900 2452 2762
811,2,2,2762,3862,0,0,2,2,none,"Mayabeque, CU","Matanzas, CU",CUB,CUB,2762 3862
812,2,3,2762,2844,0,0,2,2,none,"Mayabeque, CU","Matanzas, CU",CUB,CUB,2762 4226 2844
813,2,3,2844,2679,0,0,2,2,none,"Matanzas, CU","Matanzas, CU",CUB,CUB,2844 4412 2679
814,2,2,2679,2017,0,0,2,2,none,"Matanzas, CU","Cienfuegos, CU",CUB,CUB,2679 2017
815,2,2,3862,2844,0,0,2,2,none,"Matanzas, CU","Matanzas, CU",CUB,CUB,3862 2844
816,2,4,2844,3633,0,0,2,2,none,"Matanzas, CU","Cienfuegos, CU",CUB,CUB,2844 3206 6504 3633
817,2,5,2679,6506,0,0,2,2,none,"Matanzas, CU","Villa Clara, CU",CUB,CUB,2679 1424 2512 4452 6506
818,2,3,6506,6512,0,0,2,2,none,"Villa Clara, CU","Sancti Spiritus, CU",CUB,CUB,6506 4308 6512
819,2,2,6506,1055,0,0,2,2,none,"Villa Clara, CU","Sancti Spiritus, CU",CUB,CUB,6506 1055
820,2,3,1055,4542,0,0,2,2,none,"Sancti Spiritus, CU","Ciego de Avila, CU",CUB,CUB,1055 4615 4542
821,2,6,4542,1048,0,0,2,2,none,"Ciego de Avila, CU","Camaguey, CU",CUB,CUB,4542 6498 2358 3132 3490 1048
822,2,2,1055,1535,0,0,2,2,none,"Sancti Spiritus, CU","Sancti Spiritus, CU",CUB,CUB,1055 1535
823,2,2,1535,1994,0,0,2,2,none,"Sancti Spiritus, CU","Sancti Spiritus, CU",CUB,CUB,1535 1994
824,2,3,1535,4542,0,0,2,2,none,"Sancti Spiritus, CU","Ciego de Avila, CU",CUB,CUB,1535 6511 4542
825,2,5,4542,3816,0,0,2,2,none,"Ciego de Avila, CU","Camaguey, CU",CUB,CUB,4542 79 6516 424 3816
826,2,2,3816,6517,0,0,2,2,none,"Camaguey, CU","Camaguey, CU",CUB,CUB,3816 6517
827,2,3,6517,6525,0,0,2,2,none,"Camaguey, CU","Las Tunas, CU",CUB,CUB,6517 2048 6525
828,2,4,6525,4009,0,0,2,2,none,"Las Tunas, CU","Santiago de Cuba, CU",CUB,CUB,6525 1631 6526 4009
829,2,2,3816,1048,0,0,2,2,none,"Camaguey, CU","Camaguey, CU",CUB,CUB,3816 1048
830,3,2,37,4135,0,33,3,4,city_link,"Santiago de Cuba, CU","Santiago de Cuba, CU",CUB,CUB,37 4135
831,2,2,1991,4009,0,0,2,2,none,Guantanamo Bay,"Santiago de Cuba, CU",CUB,CUB,1991 4009
832,2,2,4009,37,0,0,2,2,none,"Santiago de Cuba, CU","Santiago de Cuba, CU",CUB,CUB,4009 37
833,2,6,37,6517,0,0,2,2,none,"Santiago de Cuba, CU","Camaguey, CU",CUB,CUB,37 4409 3841 1798 4350 6517
834,2,2,6525,649,0,0,2,2,none,"Las Tunas, CU","Las Tunas, CU",CUB,CUB,6525 649
835,3,3,3657,2030,0,6,3,5,dense_metro,New Brunswick,Prince Edward Island,CAN,CAN,3657 1186 2030
836,3,2,4483,4813,0,33,3,5,dense_metro,"Eastern Townships, QC",Quebec,CAN,CAN,4483 4813
