state_id,state_name,country,land_pixels,grid_raw,city_sum,old_manpower,new_manpower,delta_pct,estimate_source
1,"Southern Ontario, ON",CA,22483,6564207,10842737,6902459,6899531,-0.0,grid_2000_scaled
2,"Hot Springs, AR",US,3451,333138,123850,346987,346988,0.0,grid_2000_scaled
3,"Joplin, MO",US,6718,589926,350239,614451,614452,0.0,grid_2000_scaled
4,"Ponce, PR",US,922,528548,137491,550521,550523,0.0,grid_2000_scaled
5,"Mayaguez, PR",US,775,366909,78941,382163,382164,0.0,grid_2000_scaled
6,Northern Alberta,CA,149950,856089,212061,900204,899822,-0.0,grid_2000_scaled
7,"Arecibo, PR",US,1139,735593,87554,766174,766175,0.0,grid_2000_scaled
8,North Manitoba,CA,43455,1736,0,1825,1824,-0.1,grid_2000_scaled
9,Quebec,CA,442152,2654441,4264939,2791224,2790040,-0.0,grid_2000_scaled
10,Labrador,OTHER,84399,3843,0,113,472,317.7,grid_2000_scaled
11,"Floyd County, KY",US,7807,454291,330187,473177,473178,0.0,grid_2000_scaled
12,"Newberry, MI",US,4296,24199,1440,25205,25205,0.0,grid_2000_scaled
13,"Saint Ignace, MI",US,1424,103120,0,107407,107407,0.0,grid_2000_scaled
14,Central Northern Manitoba,CA,62147,26810,25296,28192,28180,-0.0,grid_2000_scaled
15,"Springfield, MO",US,11651,636866,96292,663342,663343,0.0,grid_2000_scaled
16,"Houghton, MI",US,4720,39946,12802,41607,41607,0.0,grid_2000_scaled
17,"Moresby Island, BC",CA,4404,18561,0,10000,10000,0.0,special_override
18,"Shannon, MO",US,7136,1954448,27928,2035700,2035704,0.0,grid_2000_scaled
19,"Evansville, IN",US,3500,172924,145394,180112,180113,0.0,grid_2000_scaled
20,"Hopkins, KY",US,4222,387852,95343,403976,403977,0.0,grid_2000_scaled
21,"Bloomington, IN",US,4419,375701,205312,391320,391321,0.0,grid_2000_scaled
22,"Poplar Bluff, MO",US,9287,708677,131010,738139,738140,0.0,grid_2000_scaled
23,Northern British Columbia,CA,158603,2701707,3516554,2840925,2839720,-0.0,grid_2000_scaled
24,"Louisville, KY",US,4566,1052259,977561,1096004,1096007,0.0,grid_2000_scaled
25,"St. Louis, MO",US,637,986427,889329,1027435,1027438,0.0,grid_2000_scaled
26,World Border,WASTELAND,90112,145,0,0,0,0.0,special_override
27,"Harrisonville, MO",US,3077,111647,30326,116289,116289,0.0,grid_2000_scaled
28,"St. Joseph, MO",US,5109,216346,176076,225340,225341,0.0,grid_2000_scaled
29,"Adalair, MO",US,13375,366982,72257,382238,382239,0.0,grid_2000_scaled
30,"Labrador City, NL",CA,19636,799,0,23,840,3552.2,grid_2000_scaled
31,"Kidney Island, NU",CA,20,5823,0,10000,10000,0.0,special_override
32,"Tupelo, MS",US,8406,55886,0,58209,58209,0.0,grid_2000_scaled
33,"Etowah, AL",US,3971,326987,149640,340581,340582,0.0,grid_2000_scaled
34,"Knox, IL",US,6856,492095,552321,512553,512554,0.0,grid_2000_scaled
35,"Howard, IN",US,2608,320567,259063,333893,333894,0.0,grid_2000_scaled
36,"Coeur d'Alene, ID",US,5491,49529,115637,51588,51588,0.0,grid_2000_scaled
37,"Kankakee, IL",US,6396,351202,287673,365803,365803,0.0,grid_2000_scaled
38,"Belcher Islands, NU",CA,1117,9,0,10000,10000,0.0,special_override
39,"Christian, KY",US,3073,149304,172071,155511,155511,0.0,grid_2000_scaled
40,Eastern Northern Manitoba,CA,79027,19508,0,20513,20504,-0.0,grid_2000_scaled
41,"Peoria, IL",US,4719,335403,238022,349347,349347,0.0,grid_2000_scaled
42,Newfoundland,OTHER,48239,36231,280599,1065,4451,317.9,grid_2000_scaled+city_validation
43,"Oxford, MS",US,4213,83470,1338732,86940,86941,0.0,grid_2000_scaled
44,"El Dorado, AR",US,7585,261195,118172,272054,272054,0.0,grid_2000_scaled
45,"Blanc-Sablon, QC",CA,19997,11060,0,325,11625,3476.9,grid_2000_scaled
46,"Champaign, IL",US,7130,399189,109089,415784,415785,0.0,grid_2000_scaled
47,"Little Rock, AR",US,2195,591624,428523,616219,616220,0.0,grid_2000_scaled
48,"Woodward, OK",US,4208,28162,14461,29333,29333,0.0,grid_2000_scaled
49,"Bowling Green, KY",US,4781,190418,118069,198334,198335,0.0,grid_2000_scaled
50,"Guayama, PR",US,845,710771,127244,740319,740321,0.0,grid_2000_scaled
51,"Petersburg, IL",US,2418,240344,145848,250335,250336,0.0,grid_2000_scaled
52,"Platte, WI",US,2660,154429,24572,160849,160849,0.0,grid_2000_scaled
53,Northwest Ontario,CA,29570,561,20340,584,16272,2686.3,grid_2000_scaled+city_validation
54,"Ottumwa, IA",US,4826,63447,7248,66085,66085,0.0,grid_2000_scaled
55,"Iowa City, IA",US,7899,380361,253343,396173,396174,0.0,grid_2000_scaled
56,"Dubuque, IA",US,7535,328373,290009,342025,342025,0.0,grid_2000_scaled
57,"Waterloo, IA",US,6112,250098,143321,260495,260496,0.0,grid_2000_scaled
58,"Covington, KY",US,5157,842187,339178,877199,877201,0.0,grid_2000_scaled
59,"Indianapolis, IN",US,3059,1558550,1601376,1623343,1623346,0.0,grid_2000_scaled
60,"Des Moines, IA",US,7991,554735,536512,577797,577798,0.0,grid_2000_scaled
61,Illinois,OTHER,48,0,0,500,500,0.0,grid_2000_scaled
62,"Vancouver, BC",CA,91129,812914,509129,854803,854441,-0.0,grid_2000_scaled
63,Northern Saskatchwan,OTHER,133014,76059,10937,8749,9343,6.8,grid_2000_scaled
64,"North Kansas City, MO",US,863,214892,607434,223825,223826,0.0,grid_2000_scaled
65,"Rochester, MN",US,5254,131446,57694,136911,136911,0.0,grid_2000_scaled
66,"Milwaukee, WI",US,3534,1742541,1681244,1814983,1814987,0.0,grid_2000_scaled
67,"Sioux City, IA",US,12452,353477,194956,368172,368173,0.0,grid_2000_scaled
68,"Green Bay, WI",US,2778,179860,172912,187337,187338,0.0,grid_2000_scaled
69,Ontario,CA,376276,2515104,3358630,2644706,2643584,-0.0,grid_2000_scaled
70,"Jackson, TN",US,7009,403975,1123984,420769,420770,0.0,grid_2000_scaled
71,"Land Between The Lakes, TN",US,139,3674,36000,28800,28800,0.0,grid_2000_scaled+city_validation
72,"Madison, WI",US,4998,819054,638953,853104,853106,0.0,grid_2000_scaled
73,"Lexington, KY",US,465,292387,646204,304542,304543,0.0,grid_2000_scaled
74,"Kalamazoo, MI",US,3474,548202,176591,570992,570993,0.0,grid_2000_scaled
75,"Eau Claire, WI",US,8610,478851,297247,498758,498759,0.0,grid_2000_scaled
76,"Appleton, WI",US,3106,547929,401875,570707,570709,0.0,grid_2000_scaled
77,"Kansas City, MO",US,1480,259930,399298,270736,270737,0.0,grid_2000_scaled
78,"Tippecanoe, IN",US,3094,336474,184720,350462,350462,0.0,grid_2000_scaled
79,"Oshkosh, WI",US,3692,200566,86226,208904,208905,0.0,grid_2000_scaled
80,"Wausau, WI",US,3268,140756,45874,146608,146608,0.0,grid_2000_scaled
81,"La Crosse, WI",US,5564,156438,32473,162941,162941,0.0,grid_2000_scaled
82,"Minot, ND",US,8986,92495,8649,96340,96340,0.0,grid_2000_scaled
83,"Delaware, IN",US,4387,394814,177034,411228,411229,0.0,grid_2000_scaled
84,"Willis, ND",US,8200,22659,55185,44148,44148,0.0,grid_2000_scaled+city_validation
85,"Edmonton, AB",CA,60114,1749553,1516061,1839707,1838927,-0.0,grid_2000_scaled
86,"De Witt, AR",US,2481,8728,0,9091,9091,0.0,grid_2000_scaled
87,"Fargo, ND",US,9254,279519,247313,291139,291140,0.0,grid_2000_scaled
88,"Vancouver Island, BC",CA,14719,176105,478683,185180,185101,-0.0,special_override
89,"Sioux Falls, SD",US,4601,224073,268238,233388,233389,0.0,grid_2000_scaled
90,"Chico, CA",US,4965,409432,689941,426454,426454,0.0,grid_2000_scaled
91,"Mitchell, SD",US,6968,68277,7345,71115,71116,0.0,grid_2000_scaled
92,"Vaudreuil-Soulanges, QC",CA,291,70295,0,73917,73886,-0.0,grid_2000_scaled
93,"Twin Islands, NU",CA,54,13,0,10000,10000,0.0,special_override
94,"Kindersley, SK",CA,22948,324904,405333,341646,341501,-0.0,grid_2000_scaled
95,"Saskatoon, SK",CA,92401,573771,309489,603337,603081,-0.0,grid_2000_scaled
96,Guantanamo Bay,OTHER,871,202891,0,5962,24923,318.0,grid_2000_scaled
97,"Ann Arbor, MI",US,2564,754340,241100,785700,785702,0.0,grid_2000_scaled
98,"Brookings, SD",US,5736,106560,86753,110990,110990,0.0,grid_2000_scaled
99,"Rapid City, SD",US,7068,239359,144479,249309,249310,0.0,grid_2000_scaled
100,"Winnipeg, MB",CA,45695,93383,906911,98195,98154,-0.0,grid_2000_scaled
101,"Birmingham, AL",US,3204,492014,486499,512469,512470,0.0,grid_2000_scaled
102,"Dickinson, ND",US,11995,76044,69236,79205,79205,0.0,grid_2000_scaled
103,"Pierre, SD",US,6798,78993,0,82277,82277,0.0,grid_2000_scaled
104,"Akimiski Island, NU",CA,1341,2,0,10000,10000,0.0,special_override
105,"Beatrice, NE",US,3870,85517,15026,89072,89072,0.0,grid_2000_scaled
106,"Pine Bluff, AR",US,3942,27206,9820,28337,28337,0.0,grid_2000_scaled
107,"Anticosti Island, QC",CA,3473,0,0,10000,10000,0.0,special_override
108,"Scottsbluff, NE",US,6615,58042,37376,60455,60455,0.0,grid_2000_scaled
109,"Fremont, NE",US,8888,526064,101027,547933,547935,0.0,grid_2000_scaled
110,"Grand Island, NE",US,15254,299330,125572,311774,311775,0.0,special_override
111,"Meridian, MS",US,8342,59557,0,62033,62033,0.0,grid_2000_scaled
112,"Salina, KS",US,8041,286875,98364,298801,298802,0.0,grid_2000_scaled
113,"Cowley, KS",US,8727,456094,526759,475055,475056,0.0,grid_2000_scaled
114,"Saint-Pierre-et-Miquelon, FR",OTHER,96,28,0,1,3,200.0,grid_2000_scaled
115,"Charlton Island, NU",CA,123,1,0,10000,10000,0.0,special_override
116,"East Lansing, MI",US,1692,526286,298926,548165,548166,0.0,grid_2000_scaled
117,"Calgary, AB",CA,25676,1319315,1756548,1387299,1386710,-0.0,grid_2000_scaled
118,"Miquelon, FR",OTHER,15,1,0,500,500,0.0,grid_2000_scaled
119,"Durango, CO",US,7008,78323,27786,81579,81579,0.0,grid_2000_scaled
120,"Eastern Townships, QC",CA,33956,1175724,0,1236309,1235785,-0.0,grid_2000_scaled
121,"Hardin, KY",US,4049,241275,187112,251305,251306,0.0,grid_2000_scaled
122,"Dodge City, KS",US,21719,151599,62888,157902,157902,0.0,grid_2000_scaled
123,"Alamosa, CO",US,3221,21525,0,22420,22420,0.0,grid_2000_scaled
124,"Fort Smith, AR",US,4598,352926,136553,367598,367599,0.0,grid_2000_scaled
125,"Twin Falls, ID",US,5796,6384,0,6649,6649,0.0,grid_2000_scaled
126,"Thornton, CO",US,3818,426928,310983,444676,444677,0.0,grid_2000_scaled
127,"Tuscaloosa, AL",US,6438,107613,215917,112087,112087,0.0,grid_2000_scaled
128,"Fort Collins, CO",US,4290,248986,266283,259337,259338,0.0,grid_2000_scaled
129,"Fort Morgan, CO",US,4342,566112,229792,589647,589648,0.0,grid_2000_scaled
130,"La Salle, LA",US,3357,164961,131354,171819,171819,0.0,grid_2000_scaled
131,"Colorado Springs, CO",US,4900,446873,682421,465451,465452,0.0,grid_2000_scaled
132,"Magladen Islands, QC",CA,121,0,0,10000,10000,0.0,special_override
133,"Ionia, MI",US,2310,225659,54220,235040,235041,0.0,grid_2000_scaled
134,"Lansing, MI",US,1233,145598,86334,151651,151651,0.0,grid_2000_scaled
135,"Miles City, MT",US,17915,145991,23895,152060,152060,0.0,grid_2000_scaled
136,"Gillette, WY",US,20959,108021,68581,112512,112512,0.0,grid_2000_scaled
137,"North Puget Sound, WA",US,1744,1608564,2251772,1675436,1675440,0.0,grid_2000_scaled
138,"Flint, MI",US,2555,760618,237961,792239,792241,0.0,grid_2000_scaled
139,"Great Falls, MT",US,16637,46276,17601,48200,48200,0.0,grid_2000_scaled
140,"Northern Cascades, WA",US,14771,659010,314323,686407,686408,0.0,grid_2000_scaled
141,New Brunswick,OTHER,24114,333989,747742,9815,41026,318.0,grid_2000_scaled+city_validation
142,"Olympic Peninsula, WA",US,5508,142705,613146,148638,148638,0.0,grid_2000_scaled
143,"Tucson, AZ",US,2650,695403,758486,724313,724314,0.0,grid_2000_scaled
144,"Idaho Falls, ID",US,5699,125653,21260,130877,130877,0.0,grid_2000_scaled
145,"Cape Breton Island, NS",CA,5202,1896,0,10000,10000,0.0,special_override
146,"Salt Lake City, UT",US,3428,984495,1733258,1025423,1025425,0.0,grid_2000_scaled
147,"Ogden, UT",US,5267,394654,584509,411061,411062,0.0,grid_2000_scaled
148,"Lac-des-Eaux-Mortes, QC",CA,271,978,0,1028,1028,0.0,grid_2000_scaled
149,"Provo, UT",US,12129,252776,137843,263285,263285,0.0,grid_2000_scaled
150,"Western Okanogan Highlands, WA",US,5112,33457,42000,34848,34848,0.0,grid_2000_scaled
151,"Edmundston, NB",CA,1829,16936,0,17809,17801,-0.0,grid_2000_scaled
152,Prince Edward Island,OTHER,2546,4315,79122,63297,63297,0.0,special_override
153,"Degelis, QC",CA,2694,13848,0,14561,14555,-0.0,grid_2000_scaled
154,"Mount Pleasant, MI",US,2078,143915,40397,149898,149898,0.0,grid_2000_scaled
155,"Brandon, MB",CA,13359,818667,0,860852,860487,-0.0,grid_2000_scaled
156,"Puget Islands, WA",US,2269,268753,97256,279926,279927,0.0,special_override
157,"Eastern Okanogan Highlands, WA",US,2868,27039,5000,28164,28164,0.0,grid_2000_scaled
158,"Metaline Falls, WA",US,770,505,0,526,526,0.0,grid_2000_scaled
159,"Hanover, MB",CA,9856,79547,0,83646,83610,-0.0,grid_2000_scaled
160,"Sandpoint, ID",US,2594,24098,0,25100,25100,0.0,grid_2000_scaled
161,"Kalispell, MT",US,8782,105297,55837,109675,109675,0.0,grid_2000_scaled
162,"Essex, MA",US,1166,1437848,1386975,1497623,1497626,0.0,grid_2000_scaled
163,Nova Scotia,OTHER,18995,316615,1039559,9304,38892,318.0,grid_2000_scaled+city_validation
164,"Vernal, UT",US,6897,38520,25350,40121,40121,0.0,grid_2000_scaled
165,"Shreveport, LA",US,5510,176450,60692,183786,183786,0.0,grid_2000_scaled
166,"Cypress, AB",CA,2253,5167,0,5433,5431,-0.0,grid_2000_scaled
167,"Maple Creek, SK",CA,8577,39604,0,41644,41627,-0.0,grid_2000_scaled
168,"Aroostook, ME",US,5186,121256,17789,126297,126297,0.0,grid_2000_scaled
169,"South Puget Sound, WA",US,3264,1082344,1134668,1127340,1127342,0.0,grid_2000_scaled
170,"Browning, MT",US,7617,28863,8942,30063,30063,0.0,grid_2000_scaled
171,"Fayetteville, AR",US,5885,485992,372920,506196,506197,0.0,grid_2000_scaled
172,"Columbia Basin, WA",US,16092,683590,453888,712009,712010,0.0,grid_2000_scaled
173,"Pantex Plant, TX",US,26,1158,200393,160314,160314,0.0,grid_2000_scaled+city_validation
174,"Saint Francis, ME",US,1026,8511,0,8865,8865,0.0,grid_2000_scaled
175,"Cedar City, UT",US,15759,77575,264256,80800,80800,0.0,grid_2000_scaled
176,"New Orleans, LA",US,1412,104445,99950,108787,108788,0.0,grid_2000_scaled
177,"Butte, MT",US,24714,152197,23066,158524,158525,0.0,grid_2000_scaled
178,"Capitol Reef, UT",US,12323,2757,5366,1000,1000,0.0,special_override
179,"Willapa Hills, WA",US,2475,118728,68666,123664,123664,0.0,grid_2000_scaled
180,"Lafayette, LA",US,4139,33482,0,34873,34874,0.0,grid_2000_scaled
181,"Moscow, ID",US,13586,118444,90685,123368,123368,0.0,grid_2000_scaled
182,"Houlton, ME",US,4532,73931,6200,77004,77005,0.0,grid_2000_scaled
183,"Southern Cascades, WA",US,8021,105901,117305,110304,110304,0.0,grid_2000_scaled
184,"St. John, NB",CA,4739,125707,0,132184,132128,-0.0,grid_2000_scaled
185,"Yakima, WA",US,7996,399283,532247,415883,415884,0.0,grid_2000_scaled
186,"Missoula, MT",US,7914,55974,117250,58301,58301,0.0,grid_2000_scaled
187,"Naval Submarine Base Bangor, WA",US,9,3466,53127,42501,42501,0.0,grid_2000_scaled+city_validation
188,"Piscataquis, ME",US,3386,2209,0,2301,2301,0.0,grid_2000_scaled
189,"Middlesex, NJ",US,42,515,0,536,536,0.0,grid_2000_scaled
190,"Roseburg, OR",US,10437,215328,93837,224280,224281,0.0,grid_2000_scaled
191,"Muskegon, MI",US,2601,230016,57992,239578,239579,0.0,grid_2000_scaled
192,"Bismarck, ND",US,13179,147400,26477,153528,153528,0.0,grid_2000_scaled
193,"Grand Forks, ND",US,15626,137538,27706,143256,143256,0.0,grid_2000_scaled
194,"Conway, AR",US,5811,289256,112577,301281,301282,0.0,grid_2000_scaled
195,"Mahoosuc Range, ME",US,1808,4416,0,4600,4600,0.0,grid_2000_scaled
196,"Phillips, AR",US,4060,98358,0,102447,102447,0.0,grid_2000_scaled
197,"Natchitoches, LA",US,5079,266277,250294,277347,277348,0.0,grid_2000_scaled
198,"Lake Charles, LA",US,4807,49168,0,51212,51212,0.0,grid_2000_scaled
199,"Clay, MN",US,3590,98750,66788,102855,102855,0.0,grid_2000_scaled
200,"Isanti, MN",US,10607,455338,279348,474268,474269,0.0,grid_2000_scaled
201,"Vancouver, WA",US,484,132865,391491,138389,138389,0.0,grid_2000_scaled
202,"Autauga, AL",US,2464,133391,8274,138936,138936,0.0,grid_2000_scaled
203,"Downeast, ME",US,4438,219069,65940,228176,228177,0.0,grid_2000_scaled
204,"Billings, MT",US,28226,282332,304646,294069,294070,0.0,grid_2000_scaled
205,"West Mahoosuc, ME",US,1795,2462,0,2564,2564,0.0,grid_2000_scaled
206,"Blue Mountains, WA",US,4029,156346,62026,162846,162846,0.0,grid_2000_scaled
207,"Somerset, ME",US,3171,128603,112099,133950,133950,0.0,grid_2000_scaled
208,"Alexandra, LA",US,4590,199293,1500,207578,207578,0.0,grid_2000_scaled
209,"Bend, OR",US,11640,68231,29626,71067,71067,0.0,grid_2000_scaled
210,"Isle Royale, MI",US,229,0,0,500,4,-99.2,manual_override
211,"Phillipsburg, MT",US,7198,71551,70708,74526,74526,0.0,grid_2000_scaled
212,"Mercer, ND",US,10000,54327,103680,56586,56586,0.0,grid_2000_scaled
213,"Orange, NY",US,13,1062,0,1106,1106,0.0,grid_2000_scaled
214,"Dothan, AL",US,5023,49657,295822,51721,51721,0.0,grid_2000_scaled
215,"Monroe, LA",US,7998,496961,62548,517621,517622,0.0,grid_2000_scaled
216,"Western Mountains, ME",US,4101,80674,57073,84028,84028,0.0,grid_2000_scaled
217,"Pendleton, OR",US,20151,138403,71060,144157,144158,0.0,grid_2000_scaled
218,"Monteregie, QC",CA,1762,355233,0,373538,373379,-0.0,grid_2000_scaled
219,"ile Marie, QC",CA,10,1498,0,1575,1575,0.0,grid_2000_scaled
220,"Baker, MT",US,15471,138598,8126,144360,144361,0.0,grid_2000_scaled
221,"Penobscot Bay, ME",US,2111,128217,31178,133547,133548,0.0,grid_2000_scaled
222,"Marquette, MI",US,3480,93227,40351,97102,97103,0.0,grid_2000_scaled
223,"Great North Woods, NH",US,1410,18004,57367,45893,45893,0.0,grid_2000_scaled+city_validation
224,"Cascade, ID",US,16723,30481,14017,31749,31749,0.0,grid_2000_scaled
225,"ile Jesus, QC",CA,56,543143,0,571131,570889,-0.0,grid_2000_scaled
226,"ile de Montreal, QC",CA,132,842818,7546972,886248,885872,-0.0,grid_2000_scaled
227,"Montgomery, Al",US,4543,160674,0,167354,167354,0.0,grid_2000_scaled
228,"Saint Cloud, MN",US,8540,380285,242192,396095,396096,0.0,grid_2000_scaled
229,"ile Bizardl, QC",CA,9,39565,0,41603,41586,-0.0,grid_2000_scaled
230,"ile Perrot, QC",CA,18,6622,0,6963,6960,-0.0,grid_2000_scaled
231,"Northeast Kingdom, VT",US,1626,57604,26560,59999,59999,0.0,grid_2000_scaled
232,"Portland Casco Bay, ME",US,4262,599849,439133,624787,624788,0.0,grid_2000_scaled
233,"Cadillac, MI",US,3099,131945,13197,137431,137431,0.0,grid_2000_scaled
234,"Jamestown, ND",US,1631,13705,1797,14275,14275,0.0,grid_2000_scaled
235,"Clarke, AL",US,2905,6525,0,6796,6796,0.0,grid_2000_scaled
236,"Franklin, VT",US,1998,166954,28578,173895,173895,0.0,grid_2000_scaled
237,"Butler, AL",US,6716,13859,0,14435,14435,0.0,grid_2000_scaled
238,"Alger, MI",US,4610,87954,20546,91611,91611,0.0,grid_2000_scaled
239,"Dillon, MT",US,10972,58890,42198,61338,61338,0.0,grid_2000_scaled
240,"Sugar Island, MI",US,34,882,13355,10000,10000,0.0,special_override
241,"Superior, WI",US,3314,48558,53991,50577,50577,0.0,grid_2000_scaled
242,"St. Lawrence, NY",US,3192,94634,30871,98568,98568,0.0,grid_2000_scaled
243,"Salmon, ID",US,6615,8185,1400,8525,8525,0.0,grid_2000_scaled
244,"White Mountains, NH",US,2101,62627,25879,65231,65231,0.0,grid_2000_scaled
245,"Manhattan, NYC",US,18,674628,0,702674,702675,0.0,grid_2000_scaled
246,"St. Joseph Island, ON",CA,169,2695,0,10000,10000,0.0,special_override
247,"Athens, OH",US,4521,283896,121447,295698,295699,0.0,grid_2000_scaled
248,"Grand Isle, VT",US,24,636,94731,75784,75784,0.0,grid_2000_scaled+city_validation
249,"Powder River, MT",US,7713,14822,4388,15438,15438,0.0,grid_2000_scaled
250,"Addison, VT",US,1334,137618,27744,143339,143339,0.0,grid_2000_scaled
251,"Hayward, WI",US,11498,301433,15917,313964,313965,0.0,grid_2000_scaled
252,"Manitoulin Island, ON",CA,1202,10080,0,10000,10000,0.0,special_override
253,"Rutland, VT",US,3587,230726,47605,240318,240319,0.0,grid_2000_scaled
254,"Drummond Island, MI",US,124,990,1200,10000,10000,0.0,special_override
255,"Carrollton, OH",US,2406,913335,937529,951305,951307,0.0,grid_2000_scaled
256,"Hardin, MT",US,3233,7384,2648,7691,7691,0.0,grid_2000_scaled
257,"Cockburn Island, ON",CA,64,4,0,10000,10000,0.0,special_override
258,"East Bozeman, MT",US,5292,16428,5020,17111,17111,0.0,grid_2000_scaled
259,"Madison, MT",US,2340,24466,6793,25483,25483,0.0,grid_2000_scaled
260,"Merrimack, NH",US,1648,162728,112065,169493,169494,0.0,grid_2000_scaled
261,"Westport, NY",US,1788,28272,8474,29448,29448,0.0,grid_2000_scaled
262,"Ontario, OR",US,16494,189919,12438,197814,197814,0.0,grid_2000_scaled
263,"Mackinac Island, MI",US,37,941,5040,10000,10000,0.0,special_override
264,"Toledo, OH",US,3794,351358,505709,365965,365966,0.0,grid_2000_scaled
265,"Stevens Point, WI",US,8918,329877,144840,343591,343592,0.0,grid_2000_scaled
266,"Dayton, OH",US,7084,1366103,737922,1422895,1422898,0.0,grid_2000_scaled
267,"Mackinac City, MI",US,1232,53013,5719,55217,55217,0.0,grid_2000_scaled
268,"Grafton, NH",US,1670,181411,66914,188953,188953,0.0,grid_2000_scaled
269,"Clearwater, MN",US,15563,101829,56892,106063,106063,0.0,grid_2000_scaled
270,"Beaver Island, MI",US,53,1010,720,10000,10000,0.0,special_override
271,"Harding, SD",US,10282,103161,1232,107450,107450,0.0,grid_2000_scaled
272,"Iosco, MI",US,1585,52306,14400,54480,54480,0.0,grid_2000_scaled
273,"Hamilton, NY",US,3247,217855,97856,226911,226912,0.0,grid_2000_scaled
274,"Strafford, NH",US,1343,653434,147555,680599,680600,0.0,grid_2000_scaled
275,"Mobridge, SD",US,7142,81524,3272,84913,84913,0.0,grid_2000_scaled
276,"Aberdeen, SD",US,13346,81491,28464,84879,84879,0.0,grid_2000_scaled
277,"Concord, NH",US,1445,444402,287722,462877,462878,0.0,grid_2000_scaled
278,"Medford, OR",US,6239,238493,191532,248408,248409,0.0,grid_2000_scaled
279,"Watertown, SD",US,8344,99288,41948,103416,103416,0.0,grid_2000_scaled
280,"Lewis, NY",US,4967,314321,75410,327388,327389,0.0,grid_2000_scaled
281,"Old Faithful, WY",US,2058,20608,19845,21465,21465,0.0,grid_2000_scaled
282,"Troy, NY",US,2251,818809,579655,852849,852850,0.0,grid_2000_scaled
283,"Casper, WY",US,16785,81184,80853,84559,84559,0.0,grid_2000_scaled
284,"Philadelphia, PA",US,223,851935,1794922,887353,887354,0.0,grid_2000_scaled
285,"Schenectady, NY",US,3047,179116,99081,186563,186563,0.0,grid_2000_scaled
286,"Richland, OH",US,4099,680409,307256,708695,708697,0.0,grid_2000_scaled
287,"Roberts, ID",US,10872,155128,133609,161577,161577,0.0,grid_2000_scaled
288,"Boise, ID",US,7162,262931,605773,273862,273863,0.0,grid_2000_scaled
289,"Baileys Harbor, WI",US,279,13859,20955,14435,14436,0.0,grid_2000_scaled
290,"Grand Traverse, MI",US,4634,232756,21427,242432,242433,0.0,grid_2000_scaled
291,"Oswego, NY",US,2360,504624,811371,525603,525604,0.0,grid_2000_scaled
292,"Hillsborough, NH",US,533,329060,248878,342740,342741,0.0,grid_2000_scaled
293,"Windham, VT",US,1570,118691,21120,123626,123626,0.0,grid_2000_scaled
294,"Nampa, ID",US,8625,59158,0,61618,61618,0.0,grid_2000_scaled
295,"Jackson, WY",US,7889,12126,7349,12630,12630,0.0,grid_2000_scaled
296,"Crescent City, CA",US,2136,53496,6783,55719,55720,0.0,grid_2000_scaled
297,"Jerome, ID",US,5694,136424,79132,142096,142096,0.0,grid_2000_scaled
298,"Marshall, MN",US,3743,67194,10278,69988,69988,0.0,grid_2000_scaled
299,"Suffolk, MA",US,227,1269128,2315377,1321889,1321891,0.0,grid_2000_scaled
300,"Worchester, MA",US,2748,1697220,1720552,1767777,1767781,0.0,grid_2000_scaled
301,"Wayne, NY",US,2318,278857,190052,290449,290450,0.0,grid_2000_scaled
302,"Berkshire, MA",US,2191,181978,76889,189543,189544,0.0,grid_2000_scaled
303,"Mojave, CA",US,31710,240916,312996,250932,250932,0.0,grid_2000_scaled
304,"Saint Paul, MN",US,3207,514719,548303,536117,536118,0.0,grid_2000_scaled
305,"Chenango, NY",US,3055,203670,86032,212137,212137,0.0,grid_2000_scaled
306,"Delaware, NY",US,1805,77019,65546,80221,80221,0.0,grid_2000_scaled
307,"Plymouth, MA",US,1988,1339765,1263138,1395463,1395466,0.0,grid_2000_scaled
308,"Onondaga, NY",US,1882,180337,52573,187834,187835,0.0,grid_2000_scaled
309,"Trippe, SD",US,14796,126006,14202,131245,131245,0.0,grid_2000_scaled
310,"Pocatello, ID",US,4271,98073,61355,102150,102150,0.0,grid_2000_scaled
311,"Murray, MN",US,3953,92035,22690,95861,95861,0.0,grid_2000_scaled
312,"Huron, MI",US,2277,148515,24000,154690,154690,0.0,grid_2000_scaled
313,"Monroe, NY",US,540,674515,416542,702557,702558,0.0,grid_2000_scaled
314,"Genesse, NY",US,1774,204132,40713,212618,212619,0.0,grid_2000_scaled
315,"Barnstable, MA",US,431,117014,162432,121879,121879,0.0,grid_2000_scaled
316,"Columbia, NY",US,1142,201628,119238,210010,210011,0.0,grid_2000_scaled
317,"Mason, MI",US,2443,64498,30942,67179,67180,0.0,grid_2000_scaled
318,"Saginaw, MI",US,1654,356991,184243,371832,371833,0.0,grid_2000_scaled
319,"Providence, RI",US,968,1101491,1085095,1147282,1147285,0.0,grid_2000_scaled
320,"Albany, NY",US,1029,42727,0,44504,44504,0.0,grid_2000_scaled
321,"New London, CT",US,2130,1422472,1201733,1481607,1481610,0.0,grid_2000_scaled
322,"Mankato, MN",US,5752,300761,176633,313264,313265,0.0,grid_2000_scaled
323,"Ithaca, NY",US,2952,462396,223180,481619,481620,0.0,grid_2000_scaled
324,"Lovelock, NV",US,11799,1446,0,1506,1506,0.0,grid_2000_scaled
325,"Cattaraugus, NY",US,2610,171237,88953,178355,178356,0.0,grid_2000_scaled
326,"Buffalo, NY",US,423,73789,317185,76857,76857,0.0,grid_2000_scaled
327,"Windham, NY",US,2817,74685,2640,77790,77790,0.0,grid_2000_scaled
328,"Hartford, CT",US,2412,1342837,1194659,1398662,1398665,0.0,grid_2000_scaled
329,"Benton Harbor, MI",US,1445,176870,48561,184223,184223,0.0,grid_2000_scaled
330,Grand Island,OTHER,31,3322,0,10000,10000,0.0,special_override
331,"Mojave, NV",US,53580,59969,15301,62462,62462,0.0,grid_2000_scaled
332,"Detroit, MI",US,251,1065610,1136692,1109910,1109912,0.0,grid_2000_scaled
333,"Hamburg, NY",US,815,389767,480628,405970,405971,0.0,grid_2000_scaled
334,"Alpena, MI",US,3026,61984,37576,64561,64561,0.0,grid_2000_scaled
335,"Steuben, NY",US,1180,53659,124106,55889,55889,0.0,grid_2000_scaled
336,"Oakland, MI",US,1335,856090,417685,891680,891682,0.0,grid_2000_scaled
337,"Dutchess, NY",US,1408,1696186,1016834,1766701,1766705,0.0,grid_2000_scaled
338,"Orange, NY",US,2470,781064,327545,813534,813536,0.0,grid_2000_scaled
339,"St. Clair, MI",US,1288,288983,266790,300996,300997,0.0,grid_2000_scaled
340,"Douglas, WY",US,6313,19189,9168,19987,19987,0.0,grid_2000_scaled
341,"Chautauqua, NY",US,2448,171453,336564,178581,178581,0.0,grid_2000_scaled
342,"Lackawanna, PA",US,4293,604610,182967,629746,629747,0.0,grid_2000_scaled
343,"Fairfield, CT",US,671,676399,865402,704519,704520,0.0,grid_2000_scaled
344,"West Wendover, NV",US,7724,451,3128,2502,2502,0.0,grid_2000_scaled+city_validation
345,"Allegheny, PA",US,330,880835,765874,917454,917456,0.0,grid_2000_scaled
346,"Bradford, PA",US,5673,335859,105685,349822,349822,0.0,grid_2000_scaled
347,"Davenport, IA",US,4135,461823,180756,481023,481024,0.0,grid_2000_scaled
348,"Detroit Metro, MI",US,1187,2500350,1545828,2604296,2604301,0.0,grid_2000_scaled
349,"Mason City, IA",US,6539,289551,164228,301589,301589,0.0,grid_2000_scaled
350,"Council Bluffs, IA",US,4428,136057,95798,141714,141714,0.0,grid_2000_scaled
351,"Kent, MI",US,2701,851526,546882,886926,886928,0.0,grid_2000_scaled
352,"Delta, UT",US,23614,279909,59931,291545,291546,0.0,grid_2000_scaled
353,"Erie, PA",US,2765,404692,116535,421516,421517,0.0,grid_2000_scaled
354,"Long Island, NY",US,1156,2079847,3008236,2166312,2166316,0.0,grid_2000_scaled
355,"Cheyenne, WY",US,14258,49877,121280,51950,51950,0.0,grid_2000_scaled
356,"McKean, PA",US,4351,171410,83711,178535,178536,0.0,grid_2000_scaled
357,"Sussex, NJ",US,2049,2731284,3917885,2844830,2844836,0.0,grid_2000_scaled
358,"Cherry, NE",US,21834,122400,6855,127488,127489,0.0,grid_2000_scaled
359,"Lehigh, PA",US,3311,1079383,520857,1124256,1124259,0.0,grid_2000_scaled
360,"South Bairoil, WY",US,1899,90,10440,8352,8352,0.0,grid_2000_scaled+city_validation
361,"Sandusky, OH",US,2904,353844,130697,368555,368555,0.0,grid_2000_scaled
362,"Evanston, WY",US,5626,21021,15115,21894,21894,0.0,grid_2000_scaled
363,"Northumberland, PA",US,5790,566461,316918,590011,590012,0.0,grid_2000_scaled
364,"Rock Springs, WY",US,3120,36150,43598,37652,37653,0.0,grid_2000_scaled
365,"Lawrence, PA",US,3184,746011,350344,777024,777026,0.0,grid_2000_scaled
366,"Chicago Metro, IL",US,4946,5084686,4326203,5296069,5296080,0.0,grid_2000_scaled
367,"Middlesex, NJ",US,1526,2439014,2208499,2540410,2540415,0.0,grid_2000_scaled
368,"Superior, WY",US,497,136,0,142,142,0.0,grid_2000_scaled
369,"Rockford, IL",US,6016,600675,341505,625646,625648,0.0,grid_2000_scaled
370,"Carson City, NV",US,3002,32673,550736,34031,34031,0.0,grid_2000_scaled+city_validation
371,"Centre, PA",US,3685,414110,59743,431326,431327,0.0,grid_2000_scaled
372,"East Superior, WY",US,1527,426,5000,4000,4000,0.0,grid_2000_scaled+city_validation
373,"Wamsutter, WY",US,2272,12378,0,12893,12893,0.0,grid_2000_scaled
374,"Monmouth, NJ",US,2182,1087897,1553417,1133123,1133125,0.0,grid_2000_scaled
375,"Rawlins, WY",US,1243,1268,1677,1321,1321,0.0,grid_2000_scaled
376,"Bucks, PA",US,2266,3868958,1402922,4029801,4029809,0.0,grid_2000_scaled
377,"Chicago, IL",US,968,3678729,3690826,3831663,3831671,0.0,grid_2000_scaled
378,"Lancester, PA",US,3023,1316946,469979,1371694,1371697,0.0,grid_2000_scaled
379,"Williams, OH",US,1627,410990,68694,428076,428077,0.0,grid_2000_scaled
380,"Adobie Town Rim, WY",US,3683,1079,10000,8000,8000,0.0,grid_2000_scaled+city_validation
381,"Greenville, MS",US,10607,49710,74748,51777,51777,0.0,grid_2000_scaled
382,"Fort Wayne, IN",US,5093,865838,461569,901833,901835,0.0,grid_2000_scaled
383,"Columbus, OH",US,3802,1410194,1506204,1468820,1468823,0.0,grid_2000_scaled
384,"Ogallala, NE",US,2477,5761,0,6000,6000,0.0,grid_2000_scaled
385,"Gary, IN",US,2461,791123,788288,824012,824013,0.0,grid_2000_scaled
386,"Wheeling, OH",US,3401,259452,96708,270239,270239,0.0,grid_2000_scaled
387,"Blair, PA",US,3206,334663,24443,348576,348577,0.0,grid_2000_scaled
388,"York, PA",US,4273,882758,232853,919457,919459,0.0,grid_2000_scaled
389,"Camden, NJ",US,2440,808387,1074276,841994,841995,0.0,grid_2000_scaled
390,"Adams, IL",US,4005,74520,45201,77618,77619,0.0,grid_2000_scaled
391,"Westmoreland, PA",US,1955,818335,543042,852356,852357,0.0,grid_2000_scaled
392,"Jasper, IN",US,4377,226969,51636,236405,236406,0.0,grid_2000_scaled
393,"Washington, PA",US,2035,379855,86294,395647,395648,0.0,grid_2000_scaled
394,"Grand Junction, CO",US,10689,34726,8844,36170,36170,0.0,grid_2000_scaled
395,"Newcastle, DE",US,467,219531,256039,228657,228658,0.0,grid_2000_scaled
396,"Mount Vernon, IL",US,9824,419392,149613,436827,436828,0.0,grid_2000_scaled
397,"Steamboat Springs, CO",US,5419,20438,7560,21288,21288,0.0,grid_2000_scaled
398,"Saint Anne, IL",US,281,22425,0,23357,23357,0.0,grid_2000_scaled
399,"Walden, CO",US,451,1142,750,1190,1190,0.0,grid_2000_scaled
400,"Lincoln, NE",US,7394,471217,333118,490807,490808,0.0,grid_2000_scaled
401,"Kit Carson, CO",US,22888,276136,169406,287616,287616,0.0,grid_2000_scaled
402,"Aberdeen, MD",US,456,192613,335770,200620,200620,0.0,grid_2000_scaled
403,"Harford, MD",US,163,47931,15782,49923,49924,0.0,grid_2000_scaled
404,"Baltimore, MD",US,1366,1953775,1977038,2034999,2035003,0.0,grid_2000_scaled
405,"Bartholomew, IN",US,5719,385363,219350,401383,401384,0.0,grid_2000_scaled
406,"Carroll, MD",US,775,220439,103995,229603,229604,0.0,grid_2000_scaled
407,"Clinton, OH",US,3398,201898,38128,210292,210292,0.0,grid_2000_scaled
408,"Randell, UT",US,6295,10809,0,11258,11258,0.0,grid_2000_scaled
409,"North Platte, NE",US,7966,35702,0,37186,37186,0.0,grid_2000_scaled
410,"Kent, DE",US,710,105908,48331,110311,110311,0.0,grid_2000_scaled
411,"Queen Anne's, MD",US,2034,181419,91266,188961,188962,0.0,grid_2000_scaled
412,"Frederick, MD",US,700,223386,160163,232673,232673,0.0,grid_2000_scaled
413,"Adams, NE",US,4999,102685,93121,106954,106954,0.0,grid_2000_scaled
414,"Alleghany, MD",US,1113,67530,27742,70337,70338,0.0,grid_2000_scaled
415,"Berkeley, WV",US,832,105084,24672,109453,109453,0.0,grid_2000_scaled
416,"Morgantown, WV",US,3875,227025,88629,236463,236464,0.0,grid_2000_scaled
417,"Mineral, WV",US,1891,36183,43475,37687,37687,0.0,grid_2000_scaled
418,"Montgomery, MD",US,507,972263,951010,1012683,1012685,0.0,grid_2000_scaled
419,"Bishop, CA",US,5824,1890,0,1969,1969,0.0,grid_2000_scaled
420,"Sussex, DE",US,1049,154247,16137,160660,160660,0.0,grid_2000_scaled
421,"Monogalia, WV",US,3320,124142,21279,129302,129303,0.0,grid_2000_scaled
422,"Breckenridge, CO",US,1402,32681,0,34040,34040,0.0,grid_2000_scaled
423,"Frederick, VA",US,2990,221673,116179,230889,230889,0.0,grid_2000_scaled
424,"Fairfax, VA",US,2545,1589344,1920142,1655417,1655420,0.0,grid_2000_scaled
425,"Prince George's, MD",US,1966,1582205,2502098,1647982,1647985,0.0,grid_2000_scaled
426,"Bowling Green, MO",US,7012,996449,514902,1037874,1037877,0.0,grid_2000_scaled
427,"Bloomington, IL",US,2522,246797,35984,257057,257057,0.0,grid_2000_scaled
428,"Aspen, CO",US,12246,106414,73809,110838,110838,0.0,grid_2000_scaled
429,"Wood, WV",US,3766,267754,40311,278885,278886,0.0,grid_2000_scaled
430,"Furnass, NE",US,907,1349,7580,6064,6064,0.0,grid_2000_scaled+city_validation
431,"Wicomico, MD",US,1231,135682,61884,141323,141323,0.0,grid_2000_scaled
432,"Cincinnati, OH",US,2410,1147607,1045672,1195316,1195319,0.0,grid_2000_scaled
433,"Dove Creek, CO",US,10489,181176,160385,188708,188708,0.0,grid_2000_scaled
434,"Ellis, KS",US,13004,131034,36833,136481,136481,0.0,grid_2000_scaled
435,"Albemarle, VA",US,5101,394842,134491,411256,411257,0.0,grid_2000_scaled
436,"Topeka, KS",US,8333,393980,155407,410359,410360,0.0,grid_2000_scaled
437,"King George's, VA",US,3057,194293,73281,202371,202371,0.0,grid_2000_scaled
438,"Greenbrier, WV",US,6327,214277,49771,223185,223186,0.0,grid_2000_scaled
439,"Accomack, VA",US,595,44225,45966,46064,46064,0.0,grid_2000_scaled
440,"Spotslyvania, VA",US,2141,129268,9920,134642,134642,0.0,grid_2000_scaled
441,"Pueblo, CO",US,2532,40037,5467,41702,41702,0.0,grid_2000_scaled
442,"Moab, UT",US,7078,10118,0,10539,10539,0.0,grid_2000_scaled
443,"Lynchburg, VA",US,3111,379788,362588,395576,395577,0.0,grid_2000_scaled
444,"Emporia, KS",US,8593,551290,53059,574209,574210,0.0,grid_2000_scaled
445,"Springfield, IL",US,5593,356899,468313,371736,371737,0.0,grid_2000_scaled
446,"Madison, KY",US,4840,352856,228507,367526,367526,0.0,grid_2000_scaled
447,"Cabell, WV",US,2232,309468,169632,322334,322334,0.0,grid_2000_scaled
448,"Mesquite, NV",US,2866,5520,2247,5749,5749,0.0,grid_2000_scaled
449,"Kanawha, WV",US,387,157128,97370,163660,163661,0.0,grid_2000_scaled
450,"Richmond, VA",US,1492,894385,743303,931566,931568,0.0,grid_2000_scaled
451,"Jefferson, MO",US,4590,425927,190775,443634,443635,0.0,grid_2000_scaled
452,"Raleight, WV",US,4189,328916,52266,342590,342591,0.0,grid_2000_scaled
453,"Lawrence, KS",US,2608,284827,267228,296668,296669,0.0,grid_2000_scaled
454,"Danville, VA",US,4718,133634,8169,139189,139189,0.0,grid_2000_scaled
455,"Floyd, IN",US,1165,131776,223686,137254,137255,0.0,grid_2000_scaled
456,"Prince George, VA",US,2481,281853,175691,293570,293571,0.0,grid_2000_scaled
457,"Gasconade, MO",US,5279,511099,136116,532347,532348,0.0,grid_2000_scaled
458,"Las Vegas, NV",US,9537,1346921,2082421,1402916,1402919,0.0,grid_2000_scaled
459,"Hampton Roads, VA",US,2507,1170997,1619691,1219679,1219681,0.0,grid_2000_scaled
460,"Trinidad, CO",US,17301,131981,25906,137468,137468,0.0,grid_2000_scaled
461,"Belleville, IL",US,560,17967,13973,18714,18714,0.0,grid_2000_scaled
462,"Kaibab, AZ",US,9689,105807,5000,110206,110206,0.0,grid_2000_scaled
463,"Roanoake, VA",US,5928,496140,178135,516766,516767,0.0,grid_2000_scaled
464,"Washington, VA",US,3258,186830,45003,194597,194597,0.0,grid_2000_scaled
465,"Wichita, KS",US,10130,286661,80211,298579,298579,0.0,grid_2000_scaled
466,"Wise, VA",US,3422,370963,70077,386385,386385,0.0,grid_2000_scaled
467,"Elizabeth City, NC",US,3046,146346,35745,152430,152430,0.0,grid_2000_scaled
468,"Mexican Hat, UT",US,2111,2993,5000,3117,3117,0.0,grid_2000_scaled
469,"Liberal, KS",US,9914,64886,29696,67583,67583,0.0,grid_2000_scaled
470,"Navajo Nation, AZ",US,22326,119863,37990,124847,124847,0.0,grid_2000_scaled
471,"Denver, CO",US,619,1447659,2353875,1507842,1507845,0.0,grid_2000_scaled
472,"Nash, NC",US,5414,652740,458127,679876,679877,0.0,grid_2000_scaled
473,"Wake, NC",US,2383,758061,835684,789575,789577,0.0,grid_2000_scaled
474,"Beaufort, NC",US,2973,63206,12566,65834,65834,0.0,grid_2000_scaled
475,"Wayne, KY",US,2510,158536,46113,165126,165127,0.0,grid_2000_scaled
476,"Mount Airy, NC",US,3425,601010,385303,625996,625997,0.0,grid_2000_scaled
477,"Farmington, NM",US,1169,82854,67960,86298,86298,0.0,grid_2000_scaled
478,"Cibola, NM",US,36306,138730,162183,144497,144498,0.0,grid_2000_scaled
479,"Pitt, NC",US,2810,424637,264572,442290,442291,0.0,grid_2000_scaled
480,"Johnson City, TN",US,3502,380912,238650,396747,396748,0.0,grid_2000_scaled
481,"Guilford, NC",US,3304,663400,601237,690979,690980,0.0,grid_2000_scaled
482,"McCracken, KY",US,2780,207759,76171,216396,216397,0.0,grid_2000_scaled
483,"Owens Island, KY",US,95,2081,0,10000,10000,0.0,special_override
484,"Albuquerque, NM",US,880,432032,751680,449993,449993,0.0,grid_2000_scaled
485,"Knoxville, TN",US,6776,892231,367689,929323,929325,0.0,grid_2000_scaled
486,"Tucumcari, NM",US,15896,129488,69557,134871,134871,0.0,grid_2000_scaled
487,"Mecklenberg, NC",US,4752,732145,431757,762582,762584,0.0,grid_2000_scaled
488,"Clayton, NM",US,9721,15881,15022,16541,16541,0.0,grid_2000_scaled
489,"Gaston, NC",US,4702,1683122,1308187,1753094,1753098,0.0,grid_2000_scaled
490,"Oklahoma Panhandle, OK",US,6453,35363,76721,61376,61376,0.0,grid_2000_scaled+city_validation
491,"Onslow, NC",US,3406,276785,239705,288291,288292,0.0,grid_2000_scaled
492,"Clarksville, TN",US,2768,138161,0,143905,143905,0.0,grid_2000_scaled
493,"Enid, OK",US,7914,201043,93218,209401,209401,0.0,grid_2000_scaled
494,"Buncombe, NC",US,4255,908429,490712,946195,946197,0.0,grid_2000_scaled
495,"Tulsa, OK",US,10996,910446,782490,948295,948297,0.0,grid_2000_scaled
496,"Dickson, TN",US,3458,151751,182081,158060,158060,0.0,grid_2000_scaled
497,"Cumberland, NC",US,3718,608402,405350,633695,633696,0.0,grid_2000_scaled
498,"Phoenix, AZ",US,2598,2847633,4228322,2966016,2966022,0.0,grid_2000_scaled
499,"Coffee, TN",US,4589,289621,339755,301662,301662,0.0,grid_2000_scaled
500,"Flagstaff, AZ",US,3074,87605,111360,91247,91247,0.0,grid_2000_scaled
501,"Northern Channel Islands, CA",US,228,3,2400,10000,10000,0.0,special_override
502,"Memphis, TN",US,4651,73967,0,77042,77042,0.0,grid_2000_scaled
503,"Nashville, TN",US,2719,481139,892233,501142,501143,0.0,grid_2000_scaled
504,"Chattanooga, TN",US,4325,468093,588250,487552,487553,0.0,grid_2000_scaled
505,"Tiptonville, KY",US,14,1560,0,1625,1625,0.0,grid_2000_scaled
506,"New Hanover, NC",US,4107,233052,29748,242740,242741,0.0,grid_2000_scaled
507,"Dumas, TX",US,10067,60252,34696,62757,62757,0.0,grid_2000_scaled
508,"Jonesboro, AR",US,5858,6234,21927,17541,17541,0.0,grid_2000_scaled+city_validation
509,"Randolph, AR",US,3590,191416,244105,199374,199374,0.0,grid_2000_scaled
510,"Santa Fe, NM",US,10819,332040,111011,345844,345845,0.0,grid_2000_scaled
511,"Stillwater, OK",US,11992,604706,256521,629845,629846,0.0,grid_2000_scaled
512,"Searcy, AR",US,3714,266612,58096,277695,277696,0.0,grid_2000_scaled
513,"Haywood, NC",US,2189,184809,6228,192492,192493,0.0,grid_2000_scaled
514,"Whiteville, NC",US,4136,380184,595627,395989,395990,0.0,grid_2000_scaled
515,"Saluda, NC",US,210,74488,0,77585,77585,0.0,grid_2000_scaled
516,"Maury, TN",US,6311,858022,336569,893692,893694,0.0,grid_2000_scaled
517,"York, SC",US,5445,457646,223179,476671,476672,0.0,grid_2000_scaled
518,"Greenville, SC",US,7974,818810,794047,852850,852851,0.0,grid_2000_scaled
519,"Amarillo, TX",US,13034,316848,61049,330020,330021,0.0,grid_2000_scaled
520,"Lawton, OK",US,9548,136938,41496,142631,142631,0.0,grid_2000_scaled
521,"Myrtle Beach, SC",US,2157,209791,121126,218513,218513,0.0,grid_2000_scaled
522,"Southern Channel Islands, CA",US,181,1,2400,10000,10000,0.0,special_override
523,"Prescott, AZ",US,34991,583527,480089,607786,607787,0.0,grid_2000_scaled
524,"Hall, GA",US,4732,312526,168764,325518,325519,0.0,grid_2000_scaled
525,"Horry, SC",US,5162,338176,77797,352235,352236,0.0,grid_2000_scaled
526,"Whitfield, GA",US,4863,759727,68027,791311,791312,0.0,grid_2000_scaled
527,"Little River, AR",US,4494,48773,12360,50801,50801,0.0,grid_2000_scaled
528,"Morgan, AL",US,5061,413868,323806,431074,431075,0.0,grid_2000_scaled
529,"Huntsville, AL",US,3019,86375,819964,89966,89966,0.0,grid_2000_scaled
530,"Sierra Vista, AZ",US,8454,317743,173826,330953,330953,0.0,grid_2000_scaled
531,"McAlester, OK",US,12206,236239,68735,246060,246061,0.0,grid_2000_scaled
532,"Ada, OK",US,12085,422721,186347,440295,440295,0.0,grid_2000_scaled
533,"Hattiesburg, MS",US,5757,54513,0,56780,56780,0.0,grid_2000_scaled
534,"Lowndes, MS",US,1594,48188,0,50192,50192,0.0,grid_2000_scaled
535,"Plainville, TX",US,10841,357390,307545,372248,372248,0.0,grid_2000_scaled
536,"Weldona, CO",US,1597,41450,141511,113208,113208,0.0,grid_2000_scaled+city_validation
537,"North Metro Atlanta, GA",US,3620,858622,248109,894317,894319,0.0,grid_2000_scaled
538,"Richland, SC",US,5888,350596,72070,365171,365172,0.0,grid_2000_scaled
539,"Roswell, NM",US,15011,75871,51159,79025,79025,0.0,grid_2000_scaled
540,"Clovis, NM",US,13265,70126,132608,73041,73041,0.0,grid_2000_scaled
541,"South Metro Atlanta, GA",US,6447,2697023,2212372,2809145,2809151,0.0,grid_2000_scaled
542,"Yoakum, TX",US,4169,63624,29064,66269,66269,0.0,grid_2000_scaled
543,"Lubbock, TX",US,7913,96393,165601,100400,100401,0.0,grid_2000_scaled
544,"Vernon, TX",US,9711,14863,20501,15481,15481,0.0,grid_2000_scaled
545,"Auburn, AL",US,7748,506924,525090,527998,527999,0.0,grid_2000_scaled
546,"Atlanta, GA",US,637,452877,574715,471704,471705,0.0,grid_2000_scaled
547,"Charleston, SC",US,1151,12377,0,12891,12891,0.0,grid_2000_scaled
548,"Pima, AZ",US,22452,511863,407176,533142,533143,0.0,grid_2000_scaled
549,Baja California,MX,32301,842529,3411293,24760,3018501,12091.0,grid_2000_scaled
550,"Beaufort, SC",US,5375,730522,634970,760891,760893,0.0,grid_2000_scaled
551,"Columbia, GA",US,5250,397496,286669,414020,414021,0.0,grid_2000_scaled
552,"Las Cruces, NM",US,9938,63262,33022,65892,65892,0.0,grid_2000_scaled
553,Sonora,MX,59156,1287654,2244372,37841,4613233,12091.1,grid_2000_scaled
554,"Wichita Falls, TX",US,8516,187438,146596,195230,195231,0.0,grid_2000_scaled
555,"Carlsbad, NM",US,14903,1786000,151249,1860249,1860253,0.0,grid_2000_scaled
556,"Watson, AR",US,30,4693,0,4888,4888,0.0,grid_2000_scaled
557,"Houston, GA",US,7744,802320,507791,835675,835676,0.0,grid_2000_scaled
558,"Texarkana, TX",US,8621,257357,66903,268056,268057,0.0,grid_2000_scaled
559,"Chatham, GA",US,7832,460334,353398,479471,479472,0.0,grid_2000_scaled
560,"San Angelo, TX",US,10077,165954,140523,172854,172854,0.0,grid_2000_scaled
561,"Abilene, TX",US,8217,203533,135991,211994,211995,0.0,grid_2000_scaled
562,"Duncan, AZ",US,1521,1225,200,1275,1275,0.0,grid_2000_scaled
563,"Muscogee, GA",US,5774,448872,32558,467533,467534,0.0,grid_2000_scaled
564,"Greater Dallas-Fort Worth Area, TX",US,6291,1918470,2775760,1998226,1998230,0.0,grid_2000_scaled
565,"ile Dondaine, QC",CA,14,687,0,722,722,0.0,grid_2000_scaled
566,"Citronelle, AL",US,3334,15073,0,15699,15699,0.0,grid_2000_scaled
567,"Stephenville, TX",US,10456,180250,65809,187743,187743,0.0,grid_2000_scaled
568,"Longview, TX",US,4642,160946,111120,167637,167637,0.0,grid_2000_scaled
569,"Jackson, MS",US,4470,151646,0,157950,157950,0.0,grid_2000_scaled
570,"Dallas-Fort Worth, TX",US,1618,2956529,3679112,3079439,3079446,0.0,grid_2000_scaled
571,"Shreveport, LA",US,2107,37785,0,39356,39356,0.0,grid_2000_scaled
572,"Deming, NM",US,6493,8273,0,8617,8617,0.0,grid_2000_scaled
573,"Lowndes, GA",US,6105,227364,188689,236816,236817,0.0,grid_2000_scaled
574,"Odessa, TX",US,11062,253496,160776,264035,264036,0.0,grid_2000_scaled
575,"Navarro, TX",US,10613,824318,433968,858587,858589,0.0,grid_2000_scaled
576,"Thomas, GA",US,12846,1146244,722347,1193896,1193898,0.0,grid_2000_scaled
577,"Duluth, MN",US,20287,270818,131183,282077,282078,0.0,grid_2000_scaled
578,"El Paso, TX",US,24682,483865,810018,503980,503981,0.0,grid_2000_scaled
579,Chihuahua,MX,106484,1856510,4728081,54558,6651252,12091.2,grid_2000_scaled
580,"Tyler, TX",US,6391,463037,267942,482286,482287,0.0,grid_2000_scaled
581,"Reeves, TX",US,11766,25622,29001,26687,26687,0.0,grid_2000_scaled
582,"Adams, MS",US,7282,363497,56336,378608,378609,0.0,grid_2000_scaled
583,"Barksdale AFB, LA",US,23,77,0,1500,1500,0.0,special_override
584,"Houma, LA",US,4024,45718,180893,144714,144714,0.0,grid_2000_scaled+city_validation
585,"Crockett, TX",US,10852,16060,8569,16728,16728,0.0,grid_2000_scaled
586,da,OTHER,2747,879039,0,25833,107979,318.0,grid_2000_scaled
587,"Waco, TX",US,6191,484355,516205,504491,504492,0.0,grid_2000_scaled
588,"San Carlos, AZ",US,23227,273670,117050,285047,285048,0.0,grid_2000_scaled
589,"Ciudad Obregon, SO",MX,19303,725071,0,4950477,2597687,-47.5,grid_2000_scaled
590,"Nogales, SO",MX,1674,2321,0,15848,8316,-47.5,grid_2000_scaled
591,"Escambia, FL",US,8557,100995,652499,105194,105194,0.0,grid_2000_scaled
592,"Fredericksburg, TX",US,15243,52396,18185,54574,54574,0.0,grid_2000_scaled
593,"Alachua, FL",US,5987,1388143,1565244,1445852,1445855,0.0,grid_2000_scaled
594,"Leon, FL",US,8157,643936,1773532,670706,670707,0.0,grid_2000_scaled
595,"Duval, FL",US,1923,505702,1356292,526725,526726,0.0,grid_2000_scaled
596,"Beaumont, TX",US,6461,352851,1160197,367520,367520,0.0,grid_2000_scaled
597,"Gulf Shores, AL",US,1653,35535,0,37013,37013,0.0,grid_2000_scaled
598,"Mobile, AL",US,1483,58932,0,61382,61382,0.0,grid_2000_scaled
599,"Gulfport, MS",US,3746,46968,0,48920,48920,0.0,grid_2000_scaled
600,"Baton Rouge, LA",US,5287,489764,710855,510124,510125,0.0,grid_2000_scaled
601,"Klamath Falls, OR",US,6247,2164,41070,32856,32856,0.0,grid_2000_scaled+city_validation
602,"Bastrop, TX",US,6532,332708,217375,346539,346540,0.0,grid_2000_scaled
603,"Salem, OR",US,7141,264797,54963,275806,275806,0.0,grid_2000_scaled
604,"Marion, FL",US,3157,723824,474758,753916,753917,0.0,grid_2000_scaled
605,"Daytona Beach, FL",US,2824,425177,1049614,442853,442854,0.0,grid_2000_scaled
606,"Hutchinson, MN",US,5657,788317,524358,821090,821091,0.0,grid_2000_scaled
607,"Lake, Ohio",OTHER,3899,1081417,0,31780,132839,318.0,grid_2000_scaled
608,"Minneapolis, MN",US,767,1750662,2297683,1823441,1823445,0.0,grid_2000_scaled
609,"Eugene, OR",US,8827,2254605,2332924,2348335,2348340,0.0,grid_2000_scaled
610,"Orlando, FL",US,4906,1579370,1484593,1645028,1645032,0.0,grid_2000_scaled
611,"Houston, TX",US,4341,2945260,3110917,3067702,3067709,0.0,grid_2000_scaled
612,"LaFourche, LA",US,2389,79870,8122,83191,83191,0.0,grid_2000_scaled
613,"San Antonio, TX",US,10062,1750810,1768214,1823596,1823600,0.0,grid_2000_scaled
614,"Victoria, TX",US,14189,332576,165054,346402,346403,0.0,grid_2000_scaled
615,Coahuila,MX,70035,1914954,2748276,56275,6860639,12091.3,grid_2000_scaled
616,"Yellowstone, WY",US,473,20,0,1000,1000,0.0,special_override
617,"Laredo, TX",US,13776,974333,340997,1014839,1014841,0.0,grid_2000_scaled
618,"Omaha, NE",US,612,476161,624233,495956,495957,0.0,grid_2000_scaled
619,Baja California Sur,MX,33161,8193,5538,4430,29351,562.6,grid_2000_scaled
620,"Cleveland, OH",US,1746,1700311,1808529,1770998,1771001,0.0,grid_2000_scaled
621,"Hillsborough, FL",US,5437,449665,525801,468359,468360,0.0,grid_2000_scaled
622,"Grand Manan Island, ME",US,78,52,3120,10000,10000,0.0,special_override
623,"Bar Harbor, ME",US,171,4061,7200,4230,4230,0.0,grid_2000_scaled
624,"Breton Sound Islands, LA",US,206,4718,1188544,10000,10000,0.0,special_override
625,"Shiprock, NM",US,3014,60640,30194,63161,63162,0.0,grid_2000_scaled
626,"Portland, TX",US,5189,63411,372806,66047,66047,0.0,grid_2000_scaled
627,"Miami-Dade, FL",US,9290,5050372,6187785,5260329,5260340,0.0,grid_2000_scaled
628,"Sarasota, FL",US,6914,416903,369906,434235,434236,0.0,grid_2000_scaled
629,"Freeport, BS",MX,1094,6149,5314,41984,22030,-47.5,grid_2000_scaled
630,"Whiteman AFB, MO",US,10,255,21516,1500,1500,0.0,special_override
631,"Aransas, TX",US,120,51,50506,40404,40404,0.0,grid_2000_scaled+city_validation
632,"Sterling, CO",US,2698,1395,0,1453,1453,0.0,grid_2000_scaled
633,"Corpus Christi, TX",US,15256,1039320,1039187,1082527,1082529,0.0,grid_2000_scaled
634,"Lee, FL",US,4753,1441,26444,21155,21155,0.0,grid_2000_scaled+city_validation
635,"Monterrey, NL",CA,16739,4338927,4667137,4562511,4560575,-0.0,grid_2000_scaled
636,District of Columbia,OTHER,54,514067,1235477,15107,63147,318.0,grid_2000_scaled
637,"Laredos, TM",MX,1048,10326,0,70504,36996,-47.5,grid_2000_scaled
638,"Los Mochis, SI",MX,13479,713159,515958,4869146,2555010,-47.5,grid_2000_scaled
639,"Guadalupe y Calvo, CH",MX,5189,880983,0,6014981,3156269,-47.5,grid_2000_scaled
640,"El Carrizo, SI",MX,1508,36288,17379,247761,130009,-47.5,grid_2000_scaled
641,"Kansas City, KS",US,481,368165,568451,383471,383472,0.0,grid_2000_scaled
642,"Gomez Palacio, DG",MX,36862,1069471,0,7301894,3831557,-47.5,grid_2000_scaled
643,"Salinas, CA",US,7124,1131149,805329,1178174,1178176,0.0,grid_2000_scaled
644,"Eleuthera, BS",MX,248,2242,0,15310,8034,-47.5,grid_2000_scaled
645,"Fremont-Winema, OR",US,21529,148219,142439,154381,154381,0.0,grid_2000_scaled
646,"New Providence, BS",MX,93,133281,292079,909985,477501,-47.5,grid_2000_scaled
647,"Andros, BS",MX,2461,6944,15800,47408,24877,-47.5,grid_2000_scaled
648,"Cat Island, BS",MX,195,435,0,10000,10000,0.0,special_override
649,"Overland Park, KS",US,1371,697766,152798,726773,726775,0.0,grid_2000_scaled
650,"Minot AFB, ND",US,14,16,7021,1500,1500,0.0,special_override
651,"Key West, FL",US,149,124844,0,130034,130034,0.0,grid_2000_scaled
652,"Los Angeles, CA",US,2287,11043492,11553695,11502598,11502622,0.0,grid_2000_scaled
653,"Matamoros, TA",OTHER,16440,428352,0,12588,52618,318.0,grid_2000_scaled
654,"Los Angeles Metro, CA",US,8387,4929790,5671798,5134734,5134744,0.0,grid_2000_scaled
655,"San Diego Metro, CA",US,2957,1984070,841707,2066552,2066557,0.0,grid_2000_scaled
656,"Elko, NV",US,20979,54029,41356,56275,56275,0.0,grid_2000_scaled
657,"Montemorelos, NL",CA,14470,358252,0,376713,376553,-0.0,grid_2000_scaled
658,"San Salvador, BS",MX,117,550,0,3757,1971,-47.5,grid_2000_scaled
659,"King's Bay Naval Base, GA",US,13,868,113320,1500,1500,0.0,special_override
660,"Santa Rosa, CA",US,7472,823054,639886,857270,857272,0.0,grid_2000_scaled
661,"Sacremento, CA",US,2851,1588026,1610278,1654044,1654048,0.0,grid_2000_scaled
662,"San Diego, CA",US,1074,2243205,2181018,2336461,2336466,0.0,grid_2000_scaled
663,"Long Island, BS",MX,222,702,0,10000,10000,0.0,special_override
664,"Great Exuma, BS",MX,101,662,7000,4518,5600,23.9,grid_2000_scaled+city_validation
665,"Yreka, CA",US,8013,70153,10500,73069,73069,0.0,grid_2000_scaled
666,"Ely, NV",US,5436,1644,0,1712,1712,0.0,grid_2000_scaled
667,"Alturas, CA",US,10112,67062,12626,69849,69850,0.0,grid_2000_scaled
668,"Mazatlan, SI",MX,11707,2113,0,14424,7569,-47.5,grid_2000_scaled
669,"Sequoia, CA",US,8177,65509,60207,1000,1000,0.0,special_override
670,"Durango, DG",MX,18598,713774,1686887,4873343,2557212,-47.5,grid_2000_scaled
671,"Fresnillo, ZA",MX,21720,894851,660563,6109664,3205953,-47.5,grid_2000_scaled
672,"Crooked Island, BS",MX,386,345,0,10000,10000,0.0,special_override
673,"Tonopah, NV",US,8857,2349,2973,2446,2446,0.0,grid_2000_scaled
674,"Santa Barbara, CA",US,9642,732759,524355,763222,763223,0.0,grid_2000_scaled
675,"Mayaguna, BS",MX,141,87,0,596,313,-47.5,grid_2000_scaled
676,"Pine Bluffs, WY",US,1916,72145,2311,75144,75144,0.0,grid_2000_scaled
677,"Pinedale, WY",US,5099,4180,1920,4353,4353,0.0,grid_2000_scaled
678,"Austin, TX",US,1439,1031290,1177817,1074163,1074166,0.0,grid_2000_scaled
679,Turks and Caicos Islands,OTHER,185,3618,0,10000,10000,0.0,special_override
680,"Oklahoma City, OK",US,1963,930364,1179638,969042,969044,0.0,grid_2000_scaled
681,"Huntsville, TX",US,14505,928353,509518,966947,966949,0.0,grid_2000_scaled
682,"Monctezuma, SL",MX,17844,2429650,0,16588618,8704623,-47.5,grid_2000_scaled
683,"Sidney, NE",US,3203,15366,7200,16005,16005,0.0,grid_2000_scaled
684,"Cody, WY",US,12825,69401,44580,72286,72286,0.0,grid_2000_scaled
685,"Matanzas, CU",CU,5599,196960,0,396965,396965,0.0,grid_2000_scaled
686,"Villa Clara, CU",CU,3757,654168,0,1318447,1318447,0.0,grid_2000_scaled
687,"Zacatecas, ZA",MX,14322,758658,0,5179791,2718016,-47.5,grid_2000_scaled
688,"Ciudad Victoria, TM",MX,17226,1432712,15138,9781949,5132928,-47.5,grid_2000_scaled
689,"El Centro, CA",US,7067,675913,554196,704012,704013,0.0,grid_2000_scaled
690,"Inagua, BS",MX,834,667,1200,4553,2389,-47.5,grid_2000_scaled
691,"Mayabeque, CU",CU,1480,4376,0,8819,8819,0.0,grid_2000_scaled
692,"Bakersfield, CA",US,3427,574468,632257,598350,598351,0.0,grid_2000_scaled
693,"Artemisa, CU",CU,1040,2145,0,4324,4324,0.0,grid_2000_scaled
694,"Havana, CU",CU,542,254,6214917,512,512,0.0,grid_2000_scaled+city_validation
695,"Fresno, CA",US,12704,2176660,2084373,2267150,2267154,0.0,grid_2000_scaled
696,"Ciego de Avila, CU",CU,3150,312804,0,630442,630442,0.0,grid_2000_scaled
697,"Sancti Spiritus, CU",CU,3121,113677,0,229112,229112,0.0,grid_2000_scaled
698,"Pinar del Rio, CU",CU,5249,123495,0,248899,248899,0.0,grid_2000_scaled
699,"Cienfuegos, CU",CU,2134,24900,0,50185,50185,0.0,grid_2000_scaled
700,"Jardines del Rey, CU",CU,549,17467,0,35204,35204,0.0,grid_2000_scaled
701,"Yosemite, CA",US,15950,335293,74298,1000,1000,0.0,special_override
702,"Camaguey, CU",CU,7173,765997,0,1543835,1543835,0.0,grid_2000_scaled
703,"Susanville, CA",US,8442,488426,34047,508731,508732,0.0,grid_2000_scaled
704,"Napa, CA",US,5331,764764,688548,796557,796559,0.0,grid_2000_scaled
705,"Redding, CA",US,8517,316506,201065,329664,329665,0.0,grid_2000_scaled
706,"Tecuala, NA",MX,3134,0,0,500,500,0.0,grid_2000_scaled
707,"San Juan, PR",US,839,1434417,682261,1494050,1494053,0.0,grid_2000_scaled
708,"Las Tunas, CU",CU,3181,448117,0,903161,903161,0.0,grid_2000_scaled
709,"Maria Trinidad Sanchez, DO",DO,926,435006,0,501951,501951,0.0,grid_2000_scaled
710,British Virgin Islands,OTHER,47,15785,9400,10000,10000,0.0,special_override
711,"Holguin, CU",CU,4568,1063991,0,2144428,2144428,0.0,grid_2000_scaled
712,"Samana, DO",DO,448,44198,0,51000,51000,0.0,grid_2000_scaled
713,"Monte Cristi, DO",DO,725,120924,0,139533,139533,0.0,grid_2000_scaled
714,"Puerto Plata, DO",DO,1089,981740,0,1132824,1132824,0.0,grid_2000_scaled
715,"Duarte, DO",DO,1183,411227,0,474513,474513,0.0,grid_2000_scaled
716,Este de Nayarit,OTHER,4346,1164,0,34,143,320.6,grid_2000_scaled
717,US Virgin Islands,OTHER,56,255,0,10000,10000,0.0,special_override
718,"El Seybo, DO",DO,940,314840,0,363293,363293,0.0,grid_2000_scaled
719,"La Altagracia, DO",DO,1570,159805,0,184399,184399,0.0,grid_2000_scaled
720,"Kirtland AFB, NM",US,16,3235,20782,1500,1500,0.0,special_override
721,"Vieques, PR",US,86,10886,0,11339,11339,0.0,grid_2000_scaled
722,"Guantanamo, CU",CU,2077,350821,0,707065,707065,0.0,grid_2000_scaled
723,"Santiago, DO",DO,1880,132733,0,153160,153160,0.0,grid_2000_scaled
724,"Hato Mayor, DO",DO,739,95401,0,110082,110082,0.0,grid_2000_scaled
725,"Mezquitic, JA",MX,2396,270650,0,1847882,969648,-47.5,grid_2000_scaled
726,"Nord-Est, HT",HT,794,265455,10569,360092,360092,0.0,grid_2000_scaled
727,"La Vega, DO",DO,1596,257295,0,296891,296891,0.0,grid_2000_scaled
728,"Isla de Culebra, PR",US,17,181,0,10000,10000,0.0,special_override
729,"Nord-Oueste, HT",HT,1194,433547,346293,588112,588112,0.0,grid_2000_scaled
730,"Dajabon, DO",DO,1044,237911,0,274524,274524,0.0,grid_2000_scaled
731,"Isla de Juventud, CU",CU,1089,282,0,10000,10000,0.0,special_override
732,"Nord, HT",HT,1056,531209,63869,720590,720590,0.0,grid_2000_scaled
733,"Santo Domingo, DO",DO,2153,3269302,9025578,3772428,3772428,0.0,grid_2000_scaled
734,"Santiago de Cuba, CU",CU,2767,829279,3759332,1671377,1671377,0.0,grid_2000_scaled
735,"Artibonite, HT",HT,2341,1116555,700334,1514620,1514620,0.0,grid_2000_scaled
736,"Granma, CU",CU,4275,645076,0,1300124,1300124,0.0,grid_2000_scaled
737,"La Romana, DO",DO,246,0,0,500,130000,25900.0,manual_override
738,"San Pedro de Macoris, DO",DO,670,0,0,500,195000,38900.0,manual_override
739,"Colotlan, JA",MX,1919,41640,0,284301,149183,-47.5,grid_2000_scaled
740,"La Estrelleta, DO",DO,724,130528,0,150616,150616,0.0,grid_2000_scaled
741,Aguascalientes,MX,2507,4015206,980985,117996,14385140,12091.2,grid_2000_scaled
742,"San Juan, DO",DO,1919,274721,0,316999,316999,0.0,grid_2000_scaled
743,"Guayalejo, VC",VC,670,20009,0,19548,19548,0.0,grid_2000_scaled
744,"Centre, HT",HT,1734,544102,100039,738080,738080,0.0,grid_2000_scaled
745,"Brainerd, MN",US,6654,132800,11127,138320,138321,0.0,grid_2000_scaled
746,"Pinos, Zacatecas",OTHER,1092,169410,0,4979,20810,318.0,grid_2000_scaled
747,"San Luis Potosi, SL",MX,5545,1784524,1780372,12183971,6393352,-47.5,grid_2000_scaled
748,"Azua, DO",DO,1839,202797,0,234006,234006,0.0,grid_2000_scaled
749,"Peravia, DO",DO,1173,110747,0,127791,127791,0.0,grid_2000_scaled
750,"Ciudad Valles, SL",MX,4957,1452689,0,9918343,5204499,-47.5,grid_2000_scaled
751,"San Francisco, CA",US,784,913584,664734,951564,951566,0.0,grid_2000_scaled
752,"Isla de Mona, PR",US,23,0,0,10000,10000,0.0,special_override
753,"Tepic, NA",MX,5458,377,0,2575,1351,-47.5,grid_2000_scaled
754,Veracruz,MX,4948,599845,4301284,17628,2149044,12091.1,grid_2000_scaled
755,Jalisco,MX,6854,645345,6254408,18965,2312056,12091.2,grid_2000_scaled
756,"San Francisco Metro, CA",US,3821,4001700,5940245,4168060,4168069,0.0,grid_2000_scaled
757,Quintana Roo,MX,2964,1,0,500,874963,174892.6,manual_override
758,"Axtla de Terrazas, SL",MX,1561,906625,0,6190051,3248134,-47.5,grid_2000_scaled
759,Guanajuato,MX,5978,1170349,6234321,34393,4192971,12091.3,grid_2000_scaled
760,"Ouest, HT",HT,2187,2847642,2707672,3862860,3862860,0.0,grid_2000_scaled
761,Yucatan,MX,7744,111540,1746303,3278,399610,12090.7,grid_2000_scaled
762,"Barahona, DO",DO,1680,171191,0,197536,197536,0.0,grid_2000_scaled
763,"Isla Maria Madre, NA",MX,110,0,0,10000,10000,0.0,special_override
764,"Nellis AFB, NV",US,16,81138,0,1500,1500,0.0,special_override
765,"Isla de la Gonave, HT",HT,342,47187,0,64009,64009,0.0,special_override
766,Queretaro,MX,1441,386890,3140507,11370,1386096,12090.8,grid_2000_scaled
767,"Huejutla de Reyes, VC",VC,487,102823,0,100452,100452,0.0,grid_2000_scaled
768,"Pedernales, DO",DO,989,7327,0,8455,8455,0.0,grid_2000_scaled
769,"Sud-Est, HT",HT,754,152104,137966,206331,206331,0.0,grid_2000_scaled
770,"Puerto Vallarta, JA",MX,721,0,0,500,500,0.0,grid_2000_scaled
771,Hidalgo,MX,317,92877,0,2729,332747,12093.0,grid_2000_scaled
772,"Malmstrom AFB, MT ",US,10,10,1460,1500,1500,0.0,special_override
773,"Nippes, HT",HT,822,328273,6036,445305,445305,0.0,grid_2000_scaled
774,"Queens, NY",US,121,1630162,2633729,1697932,1697935,0.0,grid_2000_scaled
775,"Staten Island, NY",US,45,568769,17636754,592414,592415,0.0,grid_2000_scaled
776,"The Bronx, NY",US,34,882256,3424560,918934,918935,0.0,grid_2000_scaled
777,"Brooklyn, NY",US,89,1865368,2736074,1942916,1942920,0.0,grid_2000_scaled
778,"Saint Francis, KS",US,527,687,0,716,716,0.0,grid_2000_scaled
779,"Ohio, WV",US,658,62184,74397,64770,64770,0.0,grid_2000_scaled
