id,file,name,current_manpower,estimated_population,estimate_source
1,history/states/1-State_1.txt,British Columbia,3924804,25000,plain_name_fallback
2,history/states/2-State_2.txt,"Hot Springs, AK",25000,25000,city_fallback
3,history/states/3-State_3.txt,"Joplin, MO",25000,45504,exact
4,history/states/4-State_4.txt,Bahamas,303658,303658,exact
5,history/states/5-State_5.txt,La Habana,2102000,2102000,exact
6,history/states/6-State_6.txt,Yucatan,1685228,25000,plain_name_fallback
7,history/states/7-State_7.txt,Baja California Sur,512091,25000,plain_name_fallback
8,history/states/8-State_8.txt,Baja California,2232593,25000,plain_name_fallback
9,history/states/9-State_9.txt,Quebec,7155482,25000,plain_name_fallback
10,history/states/10-State_10.txt,Labrador,26497,25000,plain_name_fallback
11,history/states/11-State_11.txt,"Floyd County, KY",25000,31406,exact
12,history/states/12-State_12.txt,"Newberry, MI",25000,25000,city_fallback
13,history/states/13-State_13.txt,"Saint Ignace, MI",25000,25000,city_fallback
14,history/states/14-State_14.txt,"Suffolk, MA",25000,689039,exact
15,history/states/15-State_15.txt,"Springfield, MO",25000,151580,exact
16,history/states/16-State_16.txt,"Houghton, MI",25000,25000,city_fallback
17,history/states/17-State_17.txt,"Moresby Island, BC",25000,148,exact
18,history/states/18-State_18.txt,"Shannon, MO",25000,8324,exact
19,history/states/19-State_19.txt,"Evansville, IN",25000,121582,exact
20,history/states/20-State_20.txt,"Hopkins, KY",25000,25000,city_fallback
21,history/states/21-State_21.txt,"Bloomington, IN",25000,69291,exact
22,history/states/22-State_22.txt,"Poplar Bluff, MO",25000,17023,exact
23,history/states/23-State_23.txt,California,33871648,25000,plain_name_fallback
24,history/states/24-State_24.txt,"Louisville, KY",25000,256231,exact
25,history/states/25-State_25.txt,"St. Louis, MO",25000,347189,exact
26,history/states/26-State_26.txt,World Border,1,0,special
27,history/states/27-State_27.txt,"Harrisonville, MO",25000,9719,exact
28,history/states/28-State_28.txt,"St. Joseph, MO",25000,73990,exact
29,history/states/29-State_29.txt,"Adalair, MO",25000,1800,exact
30,history/states/30-State_30.txt,Saint-Pierre-et-Miquelon,6109,25000,plain_name_fallback
31,history/states/31-State_31.txt,Prince Edward Island,135294,10000,island_fallback
32,history/states/32-State_32.txt,"Tupelo, MS",25000,34546,exact
33,history/states/33-State_33.txt,"Etowah, AL",25000,103459,exact
34,history/states/34-State_34.txt,"Knox, IL",25000,55836,exact
35,history/states/35-State_35.txt,"Howard, IN",25000,84964,exact
36,history/states/36-State_36.txt,"Coeur d'Alene, ID",25000,34514,exact
37,history/states/37-State_37.txt,"Kankakee, IL",25000,27409,exact
38,history/states/38-State_38.txt,Nova Scotia,908007,25000,plain_name_fallback
39,history/states/39-State_39.txt,"Christian, KY",25000,72462,exact
40,history/states/40-State_40.txt,Guantanamo Bay,5000,10000,plain_geography_fallback
41,history/states/41-State_41.txt,"Peoria, IL",25000,112936,exact
42,history/states/42-State_42.txt,Newfoundland,512930,25000,plain_name_fallback
43,history/states/43-State_43.txt,"Oxford, MS",25000,14410,exact
44,history/states/44-State_44.txt,"El Dorado, AK",25000,25000,city_fallback
45,history/states/45-State_45.txt,Oklahoma,3450654,25000,plain_name_fallback
46,history/states/46-State_46.txt,"Champaign, IL",25000,67518,exact
47,history/states/47-State_47.txt,"Little Rock, AK",25000,25000,city_fallback
48,history/states/48-State_48.txt,"Woodward, OK",25000,12051,exact
49,history/states/49-State_49.txt,"Bowling Green, KY",25000,49296,exact
50,history/states/50-State_50.txt,Arkansas,2673400,25000,plain_name_fallback
51,history/states/51-State_51.txt,"Petersburg, IL",25000,2250,exact
52,history/states/52-State_52.txt,"Platte, WI",25000,25000,city_fallback
53,history/states/53-State_53.txt,"Buncombe, NC",25000,206357,exact
54,history/states/54-State_54.txt,"Ottumwa, IA",25000,25000,city_fallback
55,history/states/55-State_55.txt,"Iowa City, IA",25000,62220,exact
56,history/states/56-State_56.txt,"Dubuque, IA",25000,57546,exact
57,history/states/57-State_57.txt,"Waterloo, IA",25000,68747,exact
58,history/states/58-State_58.txt,"Covington, KY",25000,43370,exact
59,history/states/59-State_59.txt,"Indianapolis, IN",25000,781870,exact
60,history/states/60-State_60.txt,"Des Moines, IA",25000,198682,exact
61,history/states/61-State_61.txt,Illinois,12419293,25000,plain_name_fallback
62,history/states/62-State_62.txt,British Columbia,3924804,25000,plain_name_fallback
63,history/states/63-State_63.txt,Wisconsin,5363675,25000,plain_name_fallback
64,history/states/64-State_64.txt,"North Kansas City, MO",25000,4384,exact
65,history/states/65-State_65.txt,"Rochester, MN",25000,85806,exact
66,history/states/66-State_66.txt,"Milwaukee, WI",25000,596974,exact
67,history/states/67-State_67.txt,"Sioux City, IA",25000,85013,exact
68,history/states/68-State_68.txt,"Green Bay, WI",25000,102313,exact
69,history/states/69-State_69.txt,Ontario,11208991,25000,plain_name_fallback
70,history/states/70-State_70.txt,"Jackson, TN",25000,59643,exact
71,history/states/71-State_71.txt,"Land Between The Lakes, TN",35000,25000,city_fallback
72,history/states/72-State_72.txt,"Madison, WI",208054,208054,exact
73,history/states/73-State_73.txt,"Lexington, KY",25000,260512,exact
74,history/states/74-State_74.txt,"Kalamazoo, MI",25000,77145,exact
75,history/states/75-State_75.txt,"Eau Claire, WI",25000,61704,exact
76,history/states/76-State_76.txt,"Appleton, WI",25000,70087,exact
77,history/states/77-State_77.txt,"Kansas City, MO",25000,441545,exact
78,history/states/78-State_78.txt,"Tippecanoe, IN",25000,25000,city_fallback
79,history/states/79-State_79.txt,"Oshkosh, WI",25000,62966,exact
80,history/states/80-State_80.txt,"Wausau, WI",25000,25000,city_fallback
81,history/states/81-State_81.txt,"La Crosse, WI",25000,51520,exact
82,history/states/82-State_82.txt,"Minot, ND",25000,36567,exact
83,history/states/83-State_83.txt,"Delaware, IN",25000,118769,exact
84,history/states/84-State_84.txt,"Willis, ND",25000,25000,city_fallback
85,history/states/85-State_85.txt,"Leon, FL",25000,239452,exact
86,history/states/86-State_86.txt,"De Witt, AK",25000,25000,city_fallback
87,history/states/87-State_87.txt,"Fargo, ND",25000,74111,exact
88,history/states/88-State_88.txt,Vancouver Island,10000,10000,island_fallback
89,history/states/89-State_89.txt,"Sioux Falls, SD",25000,123975,exact
90,history/states/90-State_90.txt,"Chico, CA",25000,59954,exact
91,history/states/91-State_91.txt,"Mitchell, SD",25000,15254,exact
92,history/states/92-State_92.txt,Artibonite,1260000,25000,plain_name_fallback
93,history/states/93-State_93.txt,Nord-Est,393967,25000,plain_name_fallback
94,history/states/94-State_94.txt,Nord,728807,25000,plain_name_fallback
95,history/states/95-State_95.txt,Saskatchewan,25000,25000,plain_name_fallback
96,history/states/96-State_96.txt,Guantanamo,509600,25000,plain_name_fallback
97,history/states/97-State_97.txt,"Ann Arbor, MI",25000,114024,exact
98,history/states/98-State_98.txt,"Brookings, SD",25000,18504,exact
99,history/states/99-State_99.txt,"Rapid City, SD",25000,54523,exact
100,history/states/100-State_100.txt,Las Tunas,519850,25000,plain_name_fallback
101,history/states/101-State_101.txt,"Birmingham, AL",25000,242820,exact
102,history/states/102-State_102.txt,"Dickinson, ND",25000,16010,exact
103,history/states/103-State_103.txt,"Pierre, SD",25000,13876,exact
104,history/states/104-State_104.txt,Cienfuegos,415923,25000,plain_name_fallback
105,history/states/105-State_105.txt,"Beatrice, NE",25000,12522,exact
106,history/states/106-State_106.txt,"Pine Bluff, Ak",25000,25000,city_fallback
107,history/states/107-State_107.txt,Isla de la Juventud,86000,,unknown
108,history/states/108-State_108.txt,"Scottsbluff, NE",25000,25000,city_fallback
109,history/states/109-State_109.txt,"Fremont, NE",25000,25174,exact
110,history/states/110-State_110.txt,"Grand Island, NE",25000,42862,exact
111,history/states/111-State_111.txt,"Meridian, MS",25000,41028,exact
112,history/states/112-State_112.txt,"Salina, KS",25000,45966,exact
113,history/states/113-State_113.txt,"Cowley, KS",25000,36291,exact
114,history/states/114-State_114.txt,Saint Pierre,6109,25000,plain_name_fallback
115,history/states/115-State_115.txt,"North Puget Sound, WA",25000,120000,exact
116,history/states/116-State_116.txt,"East Lansing, MI",25000,25000,city_fallback
117,history/states/117-State_117.txt,Alberta,2910396,25000,plain_name_fallback
118,history/states/118-State_118.txt,Miquelon,700,25000,plain_name_fallback
119,history/states/119-State_119.txt,"Durango, CO",25000,12675,exact
120,history/states/120-State_120.txt,"Blue Mountains, WA",10000,10000,special
121,history/states/121-State_121.txt,"Hardin, KY",25000,96656,exact
122,history/states/122-State_122.txt,"Dodge City, KS",25000,25176,exact
123,history/states/123-State_123.txt,"Alamosa, CO",25000,8780,exact
124,history/states/124-State_124.txt,"Fort Smith, AK",25000,25000,city_fallback
125,history/states/125-State_125.txt,"Twin Falls, ID",25000,25000,city_fallback
126,history/states/126-State_126.txt,"Thornton, CO",25000,82384,exact
127,history/states/127-State_127.txt,"Tuscaloosa, AL",25000,25000,city_fallback
128,history/states/128-State_128.txt,"Fort Collins, CO",25000,118652,exact
129,history/states/129-State_129.txt,"Fort Morgan, CO",25000,8042,exact
130,history/states/130-State_130.txt,"La Salle, LA",25000,14282,exact
131,history/states/131-State_131.txt,"Colorado Springs, CO",25000,360890,exact
132,history/states/132-State_132.txt,"Chatham, GA",25000,230765,exact
133,history/states/133-State_133.txt,"Ionia, MI",25000,25000,city_fallback
134,history/states/134-State_134.txt,"Lansing, MI",25000,119128,exact
135,history/states/135-State_135.txt,"Miles City, MT",25000,25000,city_fallback
136,history/states/136-State_136.txt,"Gillette, WY",25000,19646,exact
137,history/states/137-State_137.txt,"North Puget Sound, WA",25000,120000,exact
138,history/states/138-State_138.txt,"Flint, MI",25000,124943,exact
139,history/states/139-State_139.txt,"Great Falls, MT",25000,56121,exact
140,history/states/140-State_140.txt,"Northern Cascades, WA",25000,75000,exact
141,history/states/141-State_141.txt,New Brunswick,729498,25000,plain_name_fallback
142,history/states/142-State_142.txt,"Olympic Peninsula, WA",25000,70000,exact
143,history/states/143-State_143.txt,"Tucson, AZ",486699,486699,exact
144,history/states/144-State_144.txt,"Idaho Falls, ID",25000,50730,exact
145,history/states/145-State_145.txt,"Cape Breton Island, NS",25000,147414,exact
146,history/states/146-State_146.txt,"Salt Lake City, UT",25000,181898,exact
147,history/states/147-State_147.txt,"Ogden, UT",25000,77226,exact
148,history/states/148-State_148.txt,"Northeast Kingdom, VT",25000,25000,exact
149,history/states/149-State_149.txt,"Provo, UT",25000,105166,exact
150,history/states/150-State_150.txt,"Western Okanogan Highlands, WA",25000,25000,city_fallback
151,history/states/151-State_151.txt,"Essex, MA",25000,743159,exact
152,history/states/152-State_152.txt,Prince Edward Island,135294,10000,island_fallback
153,history/states/153-State_153.txt,"Lynchburg, VA",25000,65269,exact
154,history/states/154-State_154.txt,"Mount Pleasant, MI",25000,25000,city_fallback
155,history/states/155-State_155.txt,Manitoba,1235314,25000,plain_name_fallback
156,history/states/156-State_156.txt,"Puget Islands, WA",25000,25000,exact
157,history/states/157-State_157.txt,"Eastern Okanogan Highlands, WA",25000,35000,exact
158,history/states/158-State_158.txt,"Metaline Falls, WA",25000,252,exact
159,history/states/159-State_159.txt,"Orange, FL",25000,896344,exact
160,history/states/160-State_160.txt,"Sandpoint, ID",25000,25000,city_fallback
161,history/states/161-State_161.txt,"Kalispell, MT",25000,14223,exact
162,history/states/162-State_162.txt,"Essex, MA",25000,743159,exact
163,history/states/163-State_163.txt,Nova Scotia,908007,25000,plain_name_fallback
164,history/states/164-State_164.txt,"Vernal, UT",25000,7714,exact
165,history/states/165-State_165.txt,"Shreveport, LA",25000,200145,exact
166,history/states/166-State_166.txt,"Sweet Grass, AB",25000,0,exact
167,history/states/167-State_167.txt,"Frontier, SK",25000,0,exact
168,history/states/168-State_168.txt,"Aroostook, ME",25000,91331,exact
169,history/states/169-State_169.txt,"South Puget Sound, WA",25000,100000,exact
170,history/states/170-State_170.txt,"Browning, MT",25000,1016,exact
171,history/states/171-State_171.txt,"Fayetteville, AK",25000,25000,city_fallback
172,history/states/172-State_172.txt,"Columbia Basin, WA",25000,110000,exact
173,history/states/173-State_173.txt,"Pantex Plant, TX",3000,2500,special
174,history/states/174-State_174.txt,"Addison, VT",25000,17630,exact
175,history/states/175-State_175.txt,"Cedar City, UT",25000,20527,exact
176,history/states/176-State_176.txt,"New Orleans, LA",484674,484674,exact
177,history/states/177-State_177.txt,"Butte, MT",25000,32224,exact
178,history/states/178-State_178.txt,"Capitol Reef, UT",25000,0,exact
179,history/states/179-State_179.txt,"Willapa Hills, WA",25000,25000,city_fallback
180,history/states/180-State_180.txt,"Lafayette, LA",25000,127141,exact
181,history/states/181-State_181.txt,"Moscow, ID",25000,23391,exact
182,history/states/182-State_182.txt,"Mecklenberg, NC",25000,695454,exact
183,history/states/183-State_183.txt,"Southern Cascades, WA",25000,65000,exact
184,history/states/184-State_184.txt,"Monmouth, NJ",25000,615301,exact
185,history/states/185-State_185.txt,"Yakima, WA",25000,71845,exact
186,history/states/186-State_186.txt,"Missoula, MT",25000,63891,exact
187,history/states/187-State_187.txt,"Naval Submarine Base Bangor, WA",25000,1500,exact
188,history/states/188-State_188.txt,"Piscataquis, ME",25000,17235,exact
189,history/states/189-State_189.txt,"Middlesex, NJ",25000,750162,exact
190,history/states/190-State_190.txt,"Roseburg, OR",25000,20017,exact
191,history/states/191-State_191.txt,"Muskegon, MI",25000,25000,city_fallback
192,history/states/192-State_192.txt,"Bismarck, ND",25000,55532,exact
193,history/states/193-State_193.txt,"Grand Forks, ND",25000,49747,exact
194,history/states/194-State_194.txt,"Conway, AK",25000,25000,city_fallback
195,history/states/195-State_195.txt,"Mahoosuc Range, ME",25000,20000,exact
196,history/states/196-State_196.txt,"Phillips, AK",25000,25000,city_fallback
197,history/states/197-State_197.txt,"Natchitoches, LA",25000,4276,exact
198,history/states/198-State_198.txt,"Lake Charles, LA",25000,71757,exact
199,history/states/199-State_199.txt,"Clay, MN",25000,25000,city_fallback
200,history/states/200-State_200.txt,"Isanti, MN",25000,25000,city_fallback
201,history/states/201-State_201.txt,"Vancouver, WA",25000,143560,exact
202,history/states/202-State_202.txt,"Autauga, AL",25000,43671,exact
203,history/states/203-State_203.txt,"Downeast, ME",25000,35000,exact
204,history/states/204-State_204.txt,"Billings, MT",25000,89847,exact
205,history/states/205-State_205.txt,"West Mahoosuc, ME",25000,15000,exact
206,history/states/206-State_206.txt,"Blue Mountains, WA",10000,10000,special
207,history/states/207-State_207.txt,"Somerset, ME",25000,50888,exact
208,history/states/208-State_208.txt,"Alexandra, LA",25000,25000,city_fallback
209,history/states/209-State_209.txt,"Bend, OR",25000,52029,exact
210,history/states/210-State_210.txt,"Queens, NY",2229379,2229379,exact
211,history/states/211-State_211.txt,"Phillipsburg, MT",25000,25000,city_fallback
212,history/states/212-State_212.txt,"Mercer, ND",25000,2640,exact
213,history/states/213-State_213.txt,"Orange, NY",341367,341367,exact
214,history/states/214-State_214.txt,"Dothan, AL",25000,59341,exact
215,history/states/215-State_215.txt,"Monroe, LA",25000,54560,exact
216,history/states/216-State_216.txt,"Western Mountains, ME",10000,10000,special
217,history/states/217-State_217.txt,"Pendleton, OR",25000,16354,exact
218,history/states/218-State_218.txt,"Wake, NC",25000,25000,city_fallback
219,history/states/219-State_219.txt,"Chenango, NY",25000,48329,exact
220,history/states/220-State_220.txt,"Baker, MT",25000,1772,exact
221,history/states/221-State_221.txt,"Penobscot Bay, ME",25000,45000,exact
222,history/states/222-State_222.txt,"Marquette, MI",25000,21297,exact
223,history/states/223-State_223.txt,"Great North Woods, NH",25000,40000,exact
224,history/states/224-State_224.txt,"Cascade, ID",25000,1100,exact
225,history/states/225-State_225.txt,"Hamilton, NY",25000,4272,exact
226,history/states/226-State_226.txt,"Delaware, NY",25000,43070,exact
227,history/states/227-State_227.txt,"Montgomery, Al",25000,201568,exact
228,history/states/228-State_228.txt,"Saint Cloud, MN",25000,25000,city_fallback
229,history/states/229-State_229.txt,"Hall, GA",25000,139277,exact
230,history/states/230-State_230.txt,"Horry, SC",25000,144053,exact
231,history/states/231-State_231.txt,"Northeast Kingdom, VT",25000,25000,exact
232,history/states/232-State_232.txt,"Portland Casco Bay, ME",25000,64249,exact
233,history/states/233-State_233.txt,"Cadillac, MI",25000,10998,exact
234,history/states/234-State_234.txt,"Jamestown, ND",25000,15427,exact
235,history/states/235-State_235.txt,"Clarke, AL",25000,27928,exact
236,history/states/236-State_236.txt,"Franklin, VT",25000,47746,exact
237,history/states/237-State_237.txt,"Butler, AL",25000,20947,exact
238,history/states/238-State_238.txt,"Alger, MI",25000,25000,city_fallback
239,history/states/239-State_239.txt,"Dillon, MT",25000,3796,exact
240,history/states/240-State_240.txt,"Sugar Island, MI",25000,25000,city_fallback
241,history/states/241-State_241.txt,"Superior, WI",25000,25000,city_fallback
242,history/states/242-State_242.txt,"St. Lawrence, NY",25000,111931,exact
243,history/states/243-State_243.txt,"Salmon, ID",25000,3122,exact
244,history/states/244-State_244.txt,"White Mountains, NH",30000,10000,special
245,history/states/245-State_245.txt,"Manhattan, NYC",1537195,1537195,exact
246,history/states/246-State_246.txt,"St. Joseph Island, ON",25000,3585,exact
247,history/states/247-State_247.txt,"Athens, OH",25000,21342,exact
248,history/states/248-State_248.txt,"York, PA",25000,381751,exact
249,history/states/249-State_249.txt,"Powder River, MT",25000,25000,city_fallback
250,history/states/250-State_250.txt,"Addison, VT",25000,17630,exact
251,history/states/251-State_251.txt,"Hayward, WI",25000,25000,city_fallback
252,history/states/252-State_252.txt,"Manitoulin Island, ON",25000,12786,exact
253,history/states/253-State_253.txt,"Rutland, VT",25000,17292,exact
254,history/states/254-State_254.txt,"Drummond Island, MI",25000,25000,city_fallback
255,history/states/255-State_255.txt,"Cabell, WV",25000,96784,exact
256,history/states/256-State_256.txt,"Hardin, MT",25000,860,exact
257,history/states/257-State_257.txt,"Cockburn Island, ON",25000,0,exact
258,history/states/258-State_258.txt,"East Bozeman, MT",25000,25000,exact
259,history/states/259-State_259.txt,"Madison, MT",25000,2000,exact
260,history/states/260-State_260.txt,"Merrimack, NH",25000,115794,exact
261,history/states/261-State_261.txt,"Sarasota, FL",25000,325957,exact
262,history/states/262-State_262.txt,"Ontario, OR",25000,10365,exact
263,history/states/263-State_263.txt,"Mackinac Island, MI",25000,25000,city_fallback
264,history/states/264-State_264.txt,"Toledo, OH",25000,313619,exact
265,history/states/265-State_265.txt,"Stevens Point, WI",25000,24551,exact
266,history/states/266-State_266.txt,"Dayton, OH",25000,166179,exact
267,history/states/267-State_267.txt,"Mackinac City, MI",25000,25000,city_fallback
268,history/states/268-State_268.txt,"Grafton, NH",25000,13233,exact
269,history/states/269-State_269.txt,"Clearwater, MN",25000,25000,city_fallback
270,history/states/270-State_270.txt,"Beaver Island, MI",25000,25000,city_fallback
271,history/states/271-State_271.txt,"Harding, SD",25000,1353,exact
272,history/states/272-State_272.txt,"Iosco, MI",25000,25000,city_fallback
273,history/states/273-State_273.txt,"Hamilton, NY",25000,4272,exact
274,history/states/274-State_274.txt,"Strafford, NH",25000,114230,exact
275,history/states/275-State_275.txt,"Mobridge, SD",25000,3637,exact
276,history/states/276-State_276.txt,"Aberdeen, SD",25000,24658,exact
277,history/states/277-State_277.txt,STATE_277,1,,placeholder
278,history/states/278-State_278.txt,"Medford, OR",25000,63299,exact
279,history/states/279-State_279.txt,"Watertown, SD",25000,21482,exact
280,history/states/280-State_280.txt,"Lewis, NY",25000,25000,city_fallback
281,history/states/281-State_281.txt,"Old Faithful, WY",1000,25000,city_fallback
282,history/states/282-State_282.txt,"Troy, NY",25000,25000,city_fallback
283,history/states/283-State_283.txt,"Casper, WY",25000,49644,exact
284,history/states/284-State_284.txt,"Philadelphia, PA",1517550,1517550,exact
285,history/states/285-State_285.txt,"Schenectady, NY",25000,65566,exact
286,history/states/286-State_286.txt,"Richland, OH",25000,128852,exact
287,history/states/287-State_287.txt,"Roberts, ID",25000,599,exact
288,history/states/288-State_288.txt,"Boise, ID",25000,185787,exact
289,history/states/289-State_289.txt,"Baileys Harbor, WI",25000,25000,city_fallback
290,history/states/290-State_290.txt,"Grand Traverse, MI",25000,25000,city_fallback
291,history/states/291-State_291.txt,"Oswego, NY",25000,122577,exact
292,history/states/292-State_292.txt,"Hillsborough, NH",25000,44654,exact
293,history/states/293-State_293.txt,"Windham, VT",25000,43156,exact
294,history/states/294-State_294.txt,"Nampa, ID",25000,51867,exact
295,history/states/295-State_295.txt,"Jackson, WY",25000,8647,exact
296,history/states/296-State_296.txt,"Crescent City, CA",25000,4006,exact
297,history/states/297-State_297.txt,"Jerome, ID",25000,7780,exact
298,history/states/298-State_298.txt,"Marshall, MN",25000,13680,exact
299,history/states/299-State_299.txt,"Suffolk, MA",25000,689039,exact
300,history/states/300-State_300.txt,"Worchester, MA",25000,25000,city_fallback
301,history/states/301-State_301.txt,"Wayne, NY",25000,93772,exact
302,history/states/302-State_302.txt,"Berkshire, MA",25000,139352,exact
303,history/states/303-State_303.txt,"Mojave, CA",25000,6483,exact
304,history/states/304-State_304.txt,"Saint Paul, MN",25000,25000,city_fallback
305,history/states/305-State_305.txt,"Chenango, NY",25000,48329,exact
306,history/states/306-State_306.txt,"Delaware, NY",25000,43070,exact
307,history/states/307-State_307.txt,"Plymouth, MA",25000,51701,exact
308,history/states/308-State_308.txt,"Onondaga, NY",25000,25000,city_fallback
309,history/states/309-State_309.txt,"Trippe, SD",25000,500,exact
310,history/states/310-State_310.txt,"Pocatello, ID",25000,51466,exact
311,history/states/311-State_311.txt,"Murray, MN",25000,25000,city_fallback
312,history/states/312-State_312.txt,"Huron, MI",25000,25000,city_fallback
313,history/states/313-State_313.txt,"Monroe, NY",25000,735343,exact
314,history/states/314-State_314.txt,"Genesse, NY",25000,60370,exact
315,history/states/315-State_315.txt,"Barnstable, MA",25000,47821,exact
316,history/states/316-State_316.txt,"Columbia, NY",25000,63096,exact
317,history/states/317-State_317.txt,"Mason, MI",25000,25000,city_fallback
318,history/states/318-State_318.txt,"Saginaw, MI",25000,61799,exact
319,history/states/319-State_319.txt,"Providence, RI",25000,173618,exact
320,history/states/320-State_320.txt,"Albany, NY",25000,95658,exact
321,history/states/321-State_321.txt,"New London, CT",25000,25862,exact
322,history/states/322-State_322.txt,"Mankato, MN",25000,32427,exact
323,history/states/323-State_323.txt,"Ithaca, NY",25000,29287,exact
324,history/states/324-State_324.txt,"Lovelock, NV",25000,2157,exact
325,history/states/325-State_325.txt,"Cattaraugus, NY",25000,80456,exact
326,history/states/326-State_326.txt,"Buffalo, NY",25000,292648,exact
327,history/states/327-State_327.txt,"Windham, NY",25000,25000,city_fallback
328,history/states/328-State_328.txt,"Hartford, CT",25000,121578,exact
329,history/states/329-State_329.txt,"Benton Harbor, MI",25000,12818,exact
330,history/states/330-State_330.txt,Grand Island,10000,10000,island_fallback
331,history/states/331-State_331.txt,"Mojave, NV",25000,800,exact
332,history/states/332-State_332.txt,"Detroit, MI",951270,951270,exact
333,history/states/333-State_333.txt,STATE_333,1,,placeholder
334,history/states/334-State_334.txt,"Alpena, MI",25000,31314,exact
335,history/states/335-State_335.txt,"Steuben, NY",25000,98726,exact
336,history/states/336-State_336.txt,"Oakland, MI",25000,25000,city_fallback
337,history/states/337-State_337.txt,"Dutchess, NY",25000,280150,exact
338,history/states/338-State_338.txt,"Orange, NY",341367,341367,exact
339,history/states/339-State_339.txt,"St. Clair, MI",25000,25000,city_fallback
340,history/states/340-State_340.txt,"Douglas, WY",25000,5288,exact
341,history/states/341-State_341.txt,"Chautauqua, NY",25000,139750,exact
342,history/states/342-State_342.txt,"Lackawanna, PA",25000,210718,exact
343,history/states/343-State_343.txt,"Fairfield, CT",25000,57340,exact
344,history/states/344-State_344.txt,"West Wendover, NV",25000,2607,exact
345,history/states/345-State_345.txt,"Allegheny, PA",25000,25000,city_fallback
346,history/states/346-State_346.txt,"Bradford, PA",25000,62761,exact
347,history/states/347-State_347.txt,"Davenport, IA",25000,98359,exact
348,history/states/348-State_348.txt,"Detroit Metro, MI",25000,25000,city_fallback
349,history/states/349-State_349.txt,"Mason City, IA",25000,25000,city_fallback
350,history/states/350-State_350.txt,"Council Bluffs, IA",25000,58268,exact
351,history/states/351-State_351.txt,"Kent, MI",25000,25000,city_fallback
352,history/states/352-State_352.txt,"Delta, UT",25000,3342,exact
353,history/states/353-State_353.txt,"Erie, PA",25000,103717,exact
354,history/states/354-State_354.txt,"Long Island, NY",25000,25000,city_fallback
355,history/states/355-State_355.txt,"Cheyenne, WY",25000,81868,exact
356,history/states/356-State_356.txt,"McKean, PA",25000,25000,city_fallback
357,history/states/357-State_357.txt,"Sussex, NJ",25000,144850,exact
358,history/states/358-State_358.txt,"Cherry, NE",25000,5713,exact
359,history/states/359-State_359.txt,"Lehigh, PA",25000,312090,exact
360,history/states/360-State_360.txt,"South Bairoil, WY",25000,25000,city_fallback
361,history/states/361-State_361.txt,"Sandusky, OH",25000,27844,exact
362,history/states/362-State_362.txt,"Evanston, WY",25000,12359,exact
363,history/states/363-State_363.txt,"Northumberland, PA",25000,25000,city_fallback
364,history/states/364-State_364.txt,"Rock Springs, WY",25000,19050,exact
365,history/states/365-State_365.txt,"Lawrence, PA",25000,96246,exact
366,history/states/366-State_366.txt,"Chicago Metro, IL",25000,9512999,exact
367,history/states/367-State_367.txt,"Middlesex, NJ",25000,750162,exact
368,history/states/368-State_368.txt,"Superior, WY",25000,25000,city_fallback
369,history/states/369-State_369.txt,"Rockford, IL",25000,150115,exact
370,history/states/370-State_370.txt,"Carson City, NV",25000,52457,exact
371,history/states/371-State_371.txt,"Centre, PA",25000,135758,exact
372,history/states/372-State_372.txt,"East Superior, WY",25000,3500,exact
373,history/states/373-State_373.txt,"Wamsutter, WY",25000,25000,city_fallback
374,history/states/374-State_374.txt,"Monmouth, NJ",25000,615301,exact
375,history/states/375-State_375.txt,"Rawlins, WY",25000,25000,city_fallback
376,history/states/376-State_376.txt,"Bucks, PA",25000,597635,exact
377,history/states/377-State_377.txt,"Chicago, IL",2896016,2896016,exact
378,history/states/378-State_378.txt,"Lancester, PA",25000,25000,city_fallback
379,history/states/379-State_379.txt,"Williams, OH",25000,36956,exact
380,history/states/380-State_380.txt,"Adobie Town Rim, WY",25000,150,exact
381,history/states/381-State_381.txt,"Greenville, MS",25000,41633,exact
382,history/states/382-State_382.txt,"Fort Wayne, IN",25000,205727,exact
383,history/states/383-State_383.txt,"Columbus, OH",711470,711470,exact
384,history/states/384-State_384.txt,"Ogallala, NE",25000,4726,exact
385,history/states/385-State_385.txt,"Gary, IN",25000,102746,exact
386,history/states/386-State_386.txt,STATE_386,1,,placeholder
387,history/states/387-State_387.txt,"Blair, PA",25000,129144,exact
388,history/states/388-State_388.txt,"York, PA",25000,381751,exact
389,history/states/389-State_389.txt,"Camden, NJ",25000,79318,exact
390,history/states/390-State_390.txt,"Adams, IL",25000,68277,exact
391,history/states/391-State_391.txt,"Westmoreland, PA",25000,369993,exact
392,history/states/392-State_392.txt,"Jasper, IN",25000,28602,exact
393,history/states/393-State_393.txt,"Washington, PA",25000,25000,city_fallback
394,history/states/394-State_394.txt,"Grand Junction, CO",25000,41986,exact
395,history/states/395-State_395.txt,"Newcastle, DE",25000,441946,exact
396,history/states/396-State_396.txt,STATE_396,1,,placeholder
397,history/states/397-State_397.txt,"Steamboat Springs, CO",25000,25000,city_fallback
398,history/states/398-State_398.txt,"Saint Anne, IL",25000,25000,city_fallback
399,history/states/399-State_399.txt,"Walden, CO",25000,25000,city_fallback
400,history/states/400-State_400.txt,"Lincoln, NE",25000,225581,exact
401,history/states/401-State_401.txt,"Kit Carson, CO",25000,8011,exact
402,history/states/402-State_402.txt,STATE_402,1,,placeholder
403,history/states/403-State_403.txt,"Harford, MD",25000,218590,exact
404,history/states/404-State_404.txt,"Baltimore, MD",651154,651154,exact
405,history/states/405-State_405.txt,"Bartholomew, IN",25000,71968,exact
406,history/states/406-State_406.txt,"Carroll, MD",25000,150897,exact
407,history/states/407-State_407.txt,"Clinton, OH",25000,4253,exact
408,history/states/408-State_408.txt,"Randell, UT",25000,0,exact
409,history/states/409-State_409.txt,"North Platte, NE",25000,23378,exact
410,history/states/410-State_410.txt,"Kent, DE",25000,110993,exact
411,history/states/411-State_411.txt,"Queen Anne's, MD",25000,47541,exact
412,history/states/412-State_412.txt,"Frederick, MD",25000,195277,exact
413,history/states/413-State_413.txt,"Adams, NE",25000,31364,exact
414,history/states/414-State_414.txt,"Alleghany, MD",25000,24023,exact
415,history/states/415-State_415.txt,"Berkeley, WV",25000,75905,exact
416,history/states/416-State_416.txt,"Morgantown, WV",25000,28719,exact
417,history/states/417-State_417.txt,"Mineral, WV",25000,27078,exact
418,history/states/418-State_418.txt,"Montgomery, MD",25000,873341,exact
419,history/states/419-State_419.txt,"Bishop, CA",25000,3574,exact
420,history/states/420-State_420.txt,"Sussex, DE",25000,197145,exact
421,history/states/421-State_421.txt,"Monogalia, WV",25000,81866,exact
422,history/states/422-State_422.txt,"Breckenridge, CO",25000,1481,exact
423,history/states/423-State_423.txt,"Frederick, VA",25000,67060,exact
424,history/states/424-State_424.txt,"Fairfax, VA",25000,969749,exact
425,history/states/425-State_425.txt,"Prince George's, MD",25000,863411,exact
426,history/states/426-State_426.txt,"Bowling Green, MO",25000,5836,exact
427,history/states/427-State_427.txt,"Bloomington, IL",25000,64344,exact
428,history/states/428-State_428.txt,"Aspen, CO",25000,3991,exact
429,history/states/429-State_429.txt,"Wood, WV",25000,87986,exact
430,history/states/430-State_430.txt,"Furnass, NE",25000,3329,exact
431,history/states/431-State_431.txt,"Wicomico, MD",25000,84644,exact
432,history/states/432-State_432.txt,"Cincinnati, OH",331285,331285,exact
433,history/states/433-State_433.txt,"Dove Creek, CO",25000,633,exact
434,history/states/434-State_434.txt,"Ellis, KS",25000,27507,exact
435,history/states/435-State_435.txt,"Albemarle, VA",25000,79236,exact
436,history/states/436-State_436.txt,"Topeka, KS",25000,119883,exact
437,history/states/437-State_437.txt,"King George's, VA",25000,16803,exact
438,history/states/438-State_438.txt,"Greenbrier, WV",25000,34693,exact
439,history/states/439-State_439.txt,"Accomack, VA",25000,38305,exact
440,history/states/440-State_440.txt,"Spotslyvania, VA",25000,25000,city_fallback
441,history/states/441-State_441.txt,"Pueblo, CO",25000,102121,exact
442,history/states/442-State_442.txt,"Moab, UT",25000,5333,exact
443,history/states/443-State_443.txt,"Lynchburg, VA",25000,65269,exact
444,history/states/444-State_444.txt,"Emporia, KS",25000,26760,exact
445,history/states/445-State_445.txt,"Springfield, IL",25000,111454,exact
446,history/states/446-State_446.txt,"Madison, KY",25000,70872,exact
447,history/states/447-State_447.txt,"Cabell, WV",25000,96784,exact
448,history/states/448-State_448.txt,"Mesquite, NV",25000,1873,exact
449,history/states/449-State_449.txt,"Kanawha, WV",25000,200073,exact
450,history/states/450-State_450.txt,"Richmond, VA",25000,197790,exact
451,history/states/451-State_451.txt,"Jefferson, MO",25000,25000,city_fallback
452,history/states/452-State_452.txt,"Raleight, WV",25000,79220,exact
453,history/states/453-State_453.txt,"Lawrence, KS",25000,80098,exact
454,history/states/454-State_454.txt,"Danville, VA",25000,48411,exact
455,history/states/455-State_455.txt,"Floyd, IN",25000,74582,exact
456,history/states/456-State_456.txt,"Prince George, VA",25000,35127,exact
457,history/states/457-State_457.txt,"Gasconade, MO",25000,15342,exact
458,history/states/458-State_458.txt,"Las Vegas, NV",25000,478434,exact
459,history/states/459-State_459.txt,"Hampton Roads, VA",25000,1600000,exact
460,history/states/460-State_460.txt,"Trinidad, CO",25000,25000,city_fallback
461,history/states/461-State_461.txt,"Belleville, IL",25000,42141,exact
462,history/states/462-State_462.txt,"Kaibab, AZ",25000,11049,exact
463,history/states/463-State_463.txt,"Roanoake, VA",25000,25000,city_fallback
464,history/states/464-State_464.txt,"Washington, VA",25000,25000,city_fallback
465,history/states/465-State_465.txt,"Wichita, KS",25000,344284,exact
466,history/states/466-State_466.txt,"Wise, VA",25000,42367,exact
467,history/states/467-State_467.txt,STATE_467,1,,placeholder
468,history/states/468-State_468.txt,"Mexican Hat, UT",25000,52,exact
469,history/states/469-State_469.txt,"Liberal, KS",25000,19666,exact
470,history/states/470-State_470.txt,"Navajo Nation, AZ",174000,174000,exact
471,history/states/471-State_471.txt,"Denver, CO",554636,554636,exact
472,history/states/472-State_472.txt,"Nash, NC",25000,95945,exact
473,history/states/473-State_473.txt,"Wake, NC",25000,25000,city_fallback
474,history/states/474-State_474.txt,"Beaufort, NC",25000,44915,exact
475,history/states/475-State_475.txt,"Wayne, KY",25000,25000,city_fallback
476,history/states/476-State_476.txt,"Mount Airy, NC",25000,8270,exact
477,history/states/477-State_477.txt,"Farmington, NM",25000,37844,exact
478,history/states/478-State_478.txt,"Cibola, NM",25000,27213,exact
479,history/states/479-State_479.txt,"Pitt, NC",25000,133798,exact
480,history/states/480-State_480.txt,"Johnson City, TN",25000,55469,exact
481,history/states/481-State_481.txt,"Guilford, NC",25000,421048,exact
482,history/states/482-State_482.txt,"McCracken, KY",25000,33141,exact
483,history/states/483-State_483.txt,"Owens Island, KY",25000,25000,city_fallback
484,history/states/484-State_484.txt,"Albuquerque, NM",25000,448607,exact
485,history/states/485-State_485.txt,"Knoxville, TN",25000,173890,exact
486,history/states/486-State_486.txt,"Tucumcari, NM",25000,25000,city_fallback
487,history/states/487-State_487.txt,"Mecklenberg, NC",25000,695454,exact
488,history/states/488-State_488.txt,"Clayton, NM",25000,3175,exact
489,history/states/489-State_489.txt,"Gaston, NC",25000,190365,exact
490,history/states/490-State_490.txt,"Oklahoma Panhandle, OK",25000,25000,city_fallback
491,history/states/491-State_491.txt,"Onslow, NC",25000,25000,city_fallback
492,history/states/492-State_492.txt,"Clarksville, TN",25000,103340,exact
493,history/states/493-State_493.txt,"Enid, OK",25000,46040,exact
494,history/states/494-State_494.txt,"Buncombe, NC",25000,206357,exact
495,history/states/495-State_495.txt,"Tulsa, OK",25000,393049,exact
496,history/states/496-State_496.txt,"Dickson, TN",25000,43156,exact
497,history/states/497-State_497.txt,"Cumberland, NC",25000,302963,exact
498,history/states/498-State_498.txt,"Phoenix, AZ",1321045,1321045,exact
499,history/states/499-State_499.txt,"Coffee, TN",25000,48014,exact
500,history/states/500-State_500.txt,"Flagstaff, AZ",25000,65112,exact
501,history/states/501-State_501.txt,STATE_501,1,,placeholder
502,history/states/502-State_502.txt,"Memphis, TN",25000,650100,exact
503,history/states/503-State_503.txt,"Nashville, TN",25000,569891,exact
504,history/states/504-State_504.txt,"Chattanooga, TN",25000,155554,exact
505,history/states/505-State_505.txt,STATE_505,1,,placeholder
506,history/states/506-State_506.txt,"New Hanover, NC",25000,160307,exact
507,history/states/507-State_507.txt,"Dumas, TX",25000,14229,exact
508,history/states/508-State_508.txt,"Jonesboro, AK",25000,25000,city_fallback
509,history/states/509-State_509.txt,"Randolph, AK",25000,25000,city_fallback
510,history/states/510-State_510.txt,"Santa Fe, NM",25000,62203,exact
511,history/states/511-State_511.txt,"Stillwater, OK",25000,39065,exact
512,history/states/512-State_512.txt,"Searcy, AK",25000,25000,city_fallback
513,history/states/513-State_513.txt,"Haywood, NC",25000,54033,exact
514,history/states/514-State_514.txt,"Whiteville, NC",25000,25000,city_fallback
515,history/states/515-State_515.txt,STATE_515,1,,placeholder
516,history/states/516-State_516.txt,"Maury, TN",25000,61958,exact
517,history/states/517-State_517.txt,"York, SC",25000,164614,exact
518,history/states/518-State_518.txt,"Greenville, SC",25000,56002,exact
519,history/states/519-State_519.txt,"Amarillo, TX",25000,173627,exact
520,history/states/520-State_520.txt,"Lawton, OK",25000,92757,exact
521,history/states/521-State_521.txt,"Myrtle Beach, SC",25000,22759,exact
522,history/states/522-State_522.txt,STATE_522,1,,placeholder
523,history/states/523-State_523.txt,"Prescott, AZ",25000,33938,exact
524,history/states/524-State_524.txt,"Hall, GA",25000,139277,exact
525,history/states/525-State_525.txt,"Horry, SC",25000,144053,exact
526,history/states/526-State_526.txt,"Whitfield, GA",25000,83525,exact
527,history/states/527-State_527.txt,"Little River, AK",25000,25000,city_fallback
528,history/states/528-State_528.txt,"Morgan, AL",25000,25000,city_fallback
529,history/states/529-State_529.txt,"Huntsville, AL",25000,158216,exact
530,history/states/530-State_530.txt,"Sierra Vista, AZ",25000,43888,exact
531,history/states/531-State_531.txt,"McAlester, OK",25000,18242,exact
532,history/states/532-State_532.txt,"Ada, OK",25000,16008,exact
533,history/states/533-State_533.txt,"Hattiesburg, MS",25000,41882,exact
534,history/states/534-State_534.txt,"Lowndes, MS",25000,61721,exact
535,history/states/535-State_535.txt,"Plainville, TX",25000,25000,city_fallback
536,history/states/536-State_536.txt,"Weldona, CO",25000,25000,city_fallback
537,history/states/537-State_537.txt,"North Metro Atlanta, GA",25000,600000,exact
538,history/states/538-State_538.txt,"Richland, SC",25000,269014,exact
539,history/states/539-State_539.txt,"Roswell, NM",25000,45293,exact
540,history/states/540-State_540.txt,"Clovis, NM",25000,32667,exact
541,history/states/541-State_541.txt,"South Metro Atlanta, GA",25000,600000,exact
542,history/states/542-State_542.txt,"Yoakum, TX",25000,25000,city_fallback
543,history/states/543-State_543.txt,"Lubbock, TX",25000,199564,exact
544,history/states/544-State_544.txt,"Vernon, TX",25000,25000,city_fallback
545,history/states/545-State_545.txt,"Auburn, AL",25000,42987,exact
546,history/states/546-State_546.txt,"Atlanta, GA",416474,416474,exact
547,history/states/547-State_547.txt,"Charleston, SC",25000,96650,exact
548,history/states/548-State_548.txt,"Pima, AZ",25000,1247,exact
549,history/states/549-State_549.txt,Baja California,2232593,25000,plain_name_fallback
550,history/states/550-State_550.txt,"Beaufort, SC",25000,23454,exact
551,history/states/551-State_551.txt,"Columbia, GA",25000,156714,exact
552,history/states/552-State_552.txt,"Las Cruces, NM",25000,74267,exact
553,history/states/553-State_553.txt,Sonora,2173302,25000,plain_name_fallback
554,history/states/554-State_554.txt,"Wichita Falls, TX",25000,25000,city_fallback
555,history/states/555-State_555.txt,"Carlsbad, NM",25000,25625,exact
556,history/states/556-State_556.txt,STATE_556,1,,placeholder
557,history/states/557-State_557.txt,"Houston, GA",25000,96255,exact
558,history/states/558-State_558.txt,"Texarkana, TX",25000,25000,city_fallback
559,history/states/559-State_559.txt,"Chatham, GA",25000,230765,exact
560,history/states/560-State_560.txt,"San Angelo, TX",25000,25000,city_fallback
561,history/states/561-State_561.txt,"Abilene, TX",25000,115930,exact
562,history/states/562-State_562.txt,"Duncan, AZ",25000,4283,exact
563,history/states/563-State_563.txt,"Muscogee, GA",25000,186291,exact
564,history/states/564-State_564.txt,"Greater Dallas-Fort Worth Area, TX",25000,5249420,exact
565,history/states/565-State_565.txt,STATE_565,1,,placeholder
566,history/states/566-State_566.txt,"Citronelle, AL",25000,3867,exact
567,history/states/567-State_567.txt,"Stephenville, TX",25000,25000,city_fallback
568,history/states/568-State_568.txt,"Longview, TX",25000,80455,exact
569,history/states/569-State_569.txt,"Jackson, MS",25000,184256,exact
570,history/states/570-State_570.txt,"Dallas-Fort Worth, TX",5249420,25000,city_fallback
571,history/states/571-State_571.txt,"Shreveport, LA",25000,200145,exact
572,history/states/572-State_572.txt,"Deming, NM",25000,14116,exact
573,history/states/573-State_573.txt,"Lowndes, GA",25000,92115,exact
574,history/states/574-State_574.txt,"Odessa, TX",25000,90943,exact
575,history/states/575-State_575.txt,"Navarro, TX",25000,25000,city_fallback
576,history/states/576-State_576.txt,"Thomas, GA",25000,42737,exact
577,history/states/577-State_577.txt,"Duluth, MN",25000,86918,exact
578,history/states/578-State_578.txt,"El Paso, TX",25000,563662,exact
579,history/states/579-State_579.txt,Chihuahua,3028314,25000,plain_name_fallback
580,history/states/580-State_580.txt,"Tyler, TX",25000,83650,exact
581,history/states/581-State_581.txt,"Reeves, TX",25000,25000,city_fallback
582,history/states/582-State_582.txt,"Adams, MS",25000,34340,exact
583,history/states/583-State_583.txt,"Barksdale AFB, LA",1500,1500,special
584,history/states/584-State_584.txt,"Houma, LA",25000,32393,exact
585,history/states/585-State_585.txt,"Crockett, TX",25000,7141,exact
586,history/states/586-State_586.txt,da,25000,25000,plain_name_fallback
587,history/states/587-State_587.txt,"Waco, TX",25000,113007,exact
588,history/states/588-State_588.txt,"San Carlos, AZ",25000,2719,exact
589,history/states/589-State_589.txt,STATE_589,1,,placeholder
590,history/states/590-State_590.txt,STATE_590,1,,placeholder
591,history/states/591-State_591.txt,"Escambia, FL",25000,294410,exact
592,history/states/592-State_592.txt,"Fredericksburg, TX",25000,10530,exact
593,history/states/593-State_593.txt,"Alachua, FL",25000,7052,exact
594,history/states/594-State_594.txt,"Leon, FL",25000,239452,exact
595,history/states/595-State_595.txt,"Duval, FL",672318,672318,exact
596,history/states/596-State_596.txt,"Beaumont, TX",25000,113866,exact
597,history/states/597-State_597.txt,"Gulf Shores, AL",25000,5117,exact
598,history/states/598-State_598.txt,"Mobile, AL",25000,198015,exact
599,history/states/599-State_599.txt,"Gulfport, MS",25000,71127,exact
600,history/states/600-State_600.txt,"Baton Rouge, LA",25000,227818,exact
601,history/states/601-State_601.txt,"Klamath Falls, OR",25000,19462,exact
602,history/states/602-State_602.txt,"Bastrop, TX",25000,8195,exact
603,history/states/603-State_603.txt,"Salem, OR",25000,136924,exact
604,history/states/604-State_604.txt,"Marion, FL",25000,258916,exact
605,history/states/605-State_605.txt,"Daytona Beach, FL",25000,64112,exact
606,history/states/606-State_606.txt,"Hutchinson, MN",25000,14178,exact
607,history/states/607-State_607.txt,"Lake, Ohio",25000,25000,plain_name_fallback
608,history/states/608-State_608.txt,"Minneapolis, MN",382618,382618,exact
609,history/states/609-State_609.txt,"Eugene, OR",25000,137893,exact
610,history/states/610-State_610.txt,"Orlando, FL",185951,185951,exact
611,history/states/611-State_611.txt,"Houston, TX",1953631,1953631,exact
612,history/states/612-State_612.txt,"LaFourche, LA",25000,89974,exact
613,history/states/613-State_613.txt,"San Antonio, TX",1144646,1144646,exact
614,history/states/614-State_614.txt,"Victoria, TX",25000,25000,city_fallback
615,history/states/615-State_615.txt,Coahuila,2415020,25000,plain_name_fallback
616,history/states/616-State_616.txt,"Yellowstone, WY",10000,25000,city_fallback
617,history/states/617-State_617.txt,"Laredo, TX",25000,176576,exact
618,history/states/618-State_618.txt,"Omaha, NE",25000,390007,exact
619,history/states/619-State_619.txt,STATE_619,1,,placeholder
620,history/states/620-State_620.txt,"Cleveland, OH",25000,478403,exact
621,history/states/621-State_621.txt,"Hillsborough, FL",25000,998948,exact
622,history/states/622-State_622.txt,STATE_622,1,,placeholder
623,history/states/623-State_623.txt,STATE_623,1,,placeholder
624,history/states/624-State_624.txt,"Breton Sound Islands, LA",25000,0,exact
625,history/states/625-State_625.txt,"Shiprock, NM",25000,25000,city_fallback
626,history/states/626-State_626.txt,"Portland, TX",25000,25000,city_fallback
627,history/states/627-State_627.txt,"Miami-Dade, FL",2306870,25000,city_fallback
628,history/states/628-State_628.txt,"Sarasota, FL",25000,325957,exact
629,history/states/629-State_629.txt,STATE_629,1,,placeholder
630,history/states/630-State_630.txt,"Whiteman AFB, MO",1500,1500,special
631,history/states/631-State_631.txt,STATE_631,1,,placeholder
632,history/states/632-State_632.txt,"Sterling, CO",25000,25000,city_fallback
633,history/states/633-State_633.txt,"Corpus Christi, TX",25000,277454,exact
634,history/states/634-State_634.txt,"Lee, FL",25000,440888,exact
635,history/states/635-State_635.txt,Nuevo Leon,3387333,25000,plain_name_fallback
636,history/states/636-State_636.txt,District of Columbia,572059,25000,plain_name_fallback
637,history/states/637-State_637.txt,STATE_637,1,,placeholder
638,history/states/638-State_638.txt,STATE_638,1,,placeholder
639,history/states/639-State_639.txt,STATE_639,1,,placeholder
640,history/states/640-State_640.txt,STATE_640,1,,placeholder
641,history/states/641-State_641.txt,"Kansas City, KS",25000,146866,exact
642,history/states/642-State_642.txt,STATE_642,1,,placeholder
643,history/states/643-State_643.txt,"Salinas, CA",25000,25000,city_fallback
644,history/states/644-State_644.txt,STATE_644,1,,placeholder
645,history/states/645-State_645.txt,"Fremont-Winema, OR",25000,3000,exact
646,history/states/646-State_646.txt,Nassau,1334544,25000,plain_name_fallback
647,history/states/647-State_647.txt,STATE_647,1,,placeholder
648,history/states/648-State_648.txt,STATE_648,1,,placeholder
649,history/states/649-State_649.txt,"Overland Park, KS",25000,173372,exact
650,history/states/650-State_650.txt,"Minot AFB, ND",1000,1500,special
651,history/states/651-State_651.txt,"Key West, FL",25000,25478,exact
652,history/states/652-State_652.txt,"Los Angeles, CA",3694820,3694820,exact
653,history/states/653-State_653.txt,Tamalipas,2413402,25000,plain_name_fallback
654,history/states/654-State_654.txt,"Los Angeles Metro, CA",11900000,25000,city_fallback
655,history/states/655-State_655.txt,"San Diego Metro, CA",2770000,25000,city_fallback
656,history/states/656-State_656.txt,"Elko, NV",25000,17269,exact
657,history/states/657-State_657.txt,STATE_657,1,,placeholder
658,history/states/658-State_658.txt,STATE_658,1,,placeholder
659,history/states/659-State_659.txt,"King's Bay Naval Base, GA",2000,1500,special
660,history/states/660-State_660.txt,"Santa Rosa, CA",25000,25000,city_fallback
661,history/states/661-State_661.txt,"Sacremento, CA",25000,25000,city_fallback
662,history/states/662-State_662.txt,"San Diego, CA",25000,1223400,exact
663,history/states/663-State_663.txt,STATE_663,1,,placeholder
664,history/states/664-State_664.txt,STATE_664,1,,placeholder
665,history/states/665-State_665.txt,"Yreka, CA",25000,25000,city_fallback
666,history/states/666-State_666.txt,"Ely, NV",25000,4041,exact
667,history/states/667-State_667.txt,"Alturas, CA",25000,10522,exact
668,history/states/668-State_668.txt,STATE_668,1,,placeholder
669,history/states/669-State_669.txt,"Sequoia, CA",25000,25000,city_fallback
670,history/states/670-State_670.txt,STATE_670,1,,placeholder
671,history/states/671-State_671.txt,STATE_671,1,,placeholder
672,history/states/672-State_672.txt,STATE_672,1,,placeholder
673,history/states/673-State_673.txt,"Tonopah, NV",25000,2478,exact
674,history/states/674-State_674.txt,"Santa Barbara, CA",25000,25000,city_fallback
675,history/states/675-State_675.txt,STATE_675,1,,placeholder
676,history/states/676-State_676.txt,"Pine Bluffs, WY",25000,1926,exact
677,history/states/677-State_677.txt,"Pinedale, WY",25000,25000,city_fallback
678,history/states/678-State_678.txt,"Austin, TX",656562,656562,exact
679,history/states/679-State_679.txt,Turks and Caicos Islands,21240,21240,exact
680,history/states/680-State_680.txt,"Oklahoma City, OK",25000,506132,exact
681,history/states/681-State_681.txt,"Huntsville, TX",25000,25000,city_fallback
682,history/states/682-State_682.txt,STATE_682,1,,placeholder
683,history/states/683-State_683.txt,"Sidney, NE",25000,25000,city_fallback
684,history/states/684-State_684.txt,"Cody, WY",25000,9520,exact
685,history/states/685-State_685.txt,STATE_685,1,,placeholder
686,history/states/686-State_686.txt,STATE_686,1,,placeholder
687,history/states/687-State_687.txt,STATE_687,1,,placeholder
688,history/states/688-State_688.txt,STATE_688,1,,placeholder
689,history/states/689-State_689.txt,"El Centro, CA",25000,31384,exact
690,history/states/690-State_690.txt,STATE_690,1,,placeholder
691,history/states/691-State_691.txt,STATE_691,1,,placeholder
692,history/states/692-State_692.txt,"Bakersfield, CA",25000,247057,exact
693,history/states/693-State_693.txt,STATE_693,1,,placeholder
694,history/states/694-State_694.txt,Havana,2102000,2102000,exact
695,history/states/695-State_695.txt,"Fresno, CA",25000,427652,exact
696,history/states/696-State_696.txt,STATE_696,1,,placeholder
697,history/states/697-State_697.txt,STATE_697,1,,placeholder
698,history/states/698-State_698.txt,STATE_698,1,,placeholder
699,history/states/699-State_699.txt,STATE_699,1,,placeholder
700,history/states/700-State_700.txt,STATE_700,1,,placeholder
701,history/states/701-State_701.txt,"Yosemite, CA",25000,25000,city_fallback
702,history/states/702-State_702.txt,STATE_702,1,,placeholder
703,history/states/703-State_703.txt,"Susanville, CA",25000,25000,city_fallback
704,history/states/704-State_704.txt,"Napa, CA",25000,72585,exact
705,history/states/705-State_705.txt,"Redding, CA",25000,80865,exact
706,history/states/706-State_706.txt,STATE_706,1,,placeholder
707,history/states/707-State_707.txt,Puerto Rico,3808610,3808610,exact
708,history/states/708-State_708.txt,STATE_708,1,,placeholder
709,history/states/709-State_709.txt,STATE_709,1,,placeholder
710,history/states/710-State_710.txt,British Virgin Islands,20875,20875,exact
711,history/states/711-State_711.txt,STATE_711,1,,placeholder
712,history/states/712-State_712.txt,STATE_712,1,,placeholder
713,history/states/713-State_713.txt,STATE_713,1,,placeholder
714,history/states/714-State_714.txt,STATE_714,1,,placeholder
715,history/states/715-State_715.txt,STATE_715,1,,placeholder
716,history/states/716-State_716.txt,STATE_716,1,,placeholder
717,history/states/717-State_717.txt,STATE_717,1,,placeholder
718,history/states/718-State_718.txt,STATE_718,1,,placeholder
719,history/states/719-State_719.txt,STATE_719,1,,placeholder
720,history/states/720-State_720.txt,"Kirtland AFB, NM",1000,1500,special
721,history/states/721-State_721.txt,STATE_721,1,,placeholder
722,history/states/722-State_722.txt,STATE_722,1,,placeholder
723,history/states/723-State_723.txt,STATE_723,1,,placeholder
724,history/states/724-State_724.txt,STATE_724,1,,placeholder
725,history/states/725-State_725.txt,STATE_725,1,,placeholder
726,history/states/726-State_726.txt,STATE_726,1,,placeholder
727,history/states/727-State_727.txt,STATE_727,1,,placeholder
728,history/states/728-State_728.txt,STATE_728,1,,placeholder
729,history/states/729-State_729.txt,STATE_729,1,,placeholder
730,history/states/730-State_730.txt,STATE_730,1,,placeholder
731,history/states/731-State_731.txt,STATE_731,1,,placeholder
732,history/states/732-State_732.txt,STATE_732,1,,placeholder
733,history/states/733-State_733.txt,STATE_733,1,,placeholder
734,history/states/734-State_734.txt,STATE_734,1,,placeholder
735,history/states/735-State_735.txt,STATE_735,1,,placeholder
736,history/states/736-State_736.txt,STATE_736,1,,placeholder
737,history/states/737-State_737.txt,STATE_737,1,,placeholder
738,history/states/738-State_738.txt,STATE_738,1,,placeholder
739,history/states/739-State_739.txt,STATE_739,1,,placeholder
740,history/states/740-State_740.txt,STATE_740,1,,placeholder
741,history/states/741-State_741.txt,STATE_741,1,,placeholder
742,history/states/742-State_742.txt,STATE_742,1,,placeholder
743,history/states/743-State_743.txt,STATE_743,1,,placeholder
744,history/states/744-State_744.txt,STATE_744,1,,placeholder
745,history/states/745-State_745.txt,"Brainerd, MN",25000,13604,exact
746,history/states/746-State_746.txt,STATE_746,1,,placeholder
747,history/states/747-State_747.txt,STATE_747,1,,placeholder
748,history/states/748-State_748.txt,STATE_748,1,,placeholder
749,history/states/749-State_749.txt,STATE_749,1,,placeholder
750,history/states/750-State_750.txt,STATE_750,1,,placeholder
751,history/states/751-State_751.txt,"San Francisco, CA",776733,776733,exact
752,history/states/752-State_752.txt,STATE_752,1,,placeholder
753,history/states/753-State_753.txt,STATE_753,1,,placeholder
754,history/states/754-State_754.txt,STATE_754,1,,placeholder
755,history/states/755-State_755.txt,STATE_755,1,,placeholder
756,history/states/756-State_756.txt,"San Francisco Metro, CA",4100000,25000,city_fallback
757,history/states/757-State_757.txt,Quintana Roo,25000,25000,plain_name_fallback
758,history/states/758-State_758.txt,STATE_758,1,,placeholder
759,history/states/759-State_759.txt,STATE_759,1,,placeholder
760,history/states/760-State_760.txt,STATE_760,1,,placeholder
761,history/states/761-State_761.txt,Yucatan,1685228,25000,plain_name_fallback
762,history/states/762-State_762.txt,STATE_762,1,,placeholder
763,history/states/763-State_763.txt,STATE_763,1,,placeholder
764,history/states/764-State_764.txt,"Nellis AFB, NV",1500,1500,special
765,history/states/765-State_765.txt,STATE_765,1,,placeholder
766,history/states/766-State_766.txt,STATE_766,1,,placeholder
767,history/states/767-State_767.txt,STATE_767,1,,placeholder
768,history/states/768-State_768.txt,STATE_768,1,,placeholder
769,history/states/769-State_769.txt,STATE_769,1,,placeholder
770,history/states/770-State_770.txt,STATE_770,1,,placeholder
771,history/states/771-State_771.txt,STATE_771,1,,placeholder
772,history/states/772-State_772.txt,"Malmstrom AFB, MT",1500,1500,special
773,history/states/773-State_773.txt,STATE_773,1,,placeholder
774,"history/states/774-Bronx, NY.txt","Queens, NY",2229379,2229379,exact
775,"history/states/775-Queens, NY.txt","Staten Island, NY",443728,443728,exact
776,"history/states/776-Brooklyn, NY.txt","The Bronx, NY",1332650,1332650,exact
777,"history/states/777-Staten Island, NY.txt","Brooklyn, NY",2465326,2465326,exact
778,"history/states/778-Saint Francis, KS.txt","Saint Francis, KS",25000,1277,exact
779,"history/states/779-Ohio, WV.txt","Ohio, WV",25000,47427,exact
