From;To;Type;Through;start_x;start_y;stop_x;stop_y;adjacency_rule_name;Comment
5418;3800;sea;8884;-1;-1;-1;-1;;Washington
1658;1779;sea;784;-1;-1;-1;-1;;Washington-Idaho
3371;603;sea;8884;-1;-1;-1;-1;;Washington
603;5428;sea;8884;-1;-1;-1;-1;;Washington
2554;3239;sea;8859;-1;-1;-1;-1;;Idaho
1238;3371;sea;8884;-1;-1;-1;-1;;Washington
1557;3371;sea;8848;-1;-1;-1;-1;;Washington
778;4319;sea;8848;-1;-1;-1;-1;;Washington
1360;2280;sea;8848;-1;-1;-1;-1;;Washington
1173;2054;sea;8848;-1;-1;-1;-1;;Washington
5522;1333;sea;8848;-1;-1;-1;-1;;Washington
2729;60;sea;8848;-1;-1;-1;-1;;Washington
2729;1333;sea;8848;-1;-1;-1;-1;;Washington
1360;3113;sea;7300;-1;-1;-1;-1;;Washington-Idaho
3822;127;sea;7300;-1;-1;-1;-1;;Washington-Oregon
4968;127;sea;7300;-1;-1;-1;-1;;Washington-Oregon
1658;4811;sea;8859;-1;-1;-1;-1;;Washington-Oregon
1389;2485;sea;7300;-1;-1;-1;-1;;Washington-Oregon
2685;500;sea;7300;-1;-1;-1;-1;;Washington-Oregon
1389;2485;sea;7300;-1;-1;-1;-1;;Washington-Oregon
4691;466;sea;7300;-1;-1;-1;-1;;Washington-Oregon
4691;4121;sea;7300;-1;-1;-1;-1;;Washington-Oregon
392;5001;sea;8839;-1;-1;-1;-1;;Idaho
4317;5474;sea;8859;-1;-1;-1;-1;;Montana
792;1385;sea;8841;-1;-1;-1;-1;;Montana
5579;341;sea;8834;-1;-1;-1;-1;;Montana
1178;6303;sea;8821;-1;-1;-1;-1;;New Mexico
3531;2792;sea;8883;-1;-1;-1;-1;;New Mexico
297;5095;sea;8830;-1;-1;-1;-1;;Nebraska
2180;2854;sea;8829;-1;-1;-1;-1;;Nebraska
4529;4792;sea;8829;-1;-1;-1;-1;;Kansas
4529;6013;sea;8829;-1;-1;-1;-1;;Kansas
5579;341;sea;8834;-1;-1;-1;-1;;Montana
6382;2113;sea;8818;-1;-1;-1;-1;;Texas
4376;3065;sea;8856;-1;-1;-1;-1;;Texas
4376;2415;sea;8856;-1;-1;-1;-1;;Texas
6415;2415;sea;8856;-1;-1;-1;-1;;Texas
5660;4050;sea;8861;-1;-1;-1;-1;;Minnesota
5660;5676;sea;8861;-1;-1;-1;-1;;Minnesota
5660;3009;sea;8861;-1;-1;-1;-1;;Minnesota
5660;5639;sea;8861;-1;-1;-1;-1;;Minnesota
942;5841;sea;8835;-1;-1;-1;-1;;Iowa
1860;4380;sea;8835;-1;-1;-1;-1;;Iowa
4498;2369;sea;8829;-1;-1;-1;-1;;Missouri
4498;3783;sea;8829;-1;-1;-1;-1;;Missouri
4498;6004;sea;8829;-1;-1;-1;-1;;Missouri-Kansas
4069;6004;sea;8829;-1;-1;-1;-1;;Kansas
930;972;sea;8828;-1;-1;-1;-1;;Missouri
930;4368;sea;8828;-1;-1;-1;-1;;Missouri
3756;1221;sea;8828;-1;-1;-1;-1;;Missouri-Illinois
3756;299;sea;8828;-1;-1;-1;-1;;Missouri-Illinois
5952;2405;sea;8835;-1;-1;-1;-1;;Missouri-Illinois
5896;1274;sea;8828;-1;-1;-1;-1;;Illinois
516;4244;sea;8827;-1;-1;-1;-1;;Arkansas
3442;4974;sea;8827;-1;-1;-1;-1;;Arkansas
4910;4974;sea;8827;-1;-1;-1;-1;;Arkansas
6350;255;sea;7228;-1;-1;-1;-1;;Louisiana
6350;255;sea;7228;-1;-1;-1;-1;;Louisiana
3069;4139;sea;7228;-1;-1;-1;-1;;Louisiana
2606;6400;sea;7330;-1;-1;-1;-1;;Louisiana
1374;222;sea;8827;-1;-1;-1;-1;;Arkansas
6233;4841;sea;8843;-1;-1;-1;-1;;Alabama
6359;725;sea;7377;-1;-1;-1;-1;;Alabama
6359;6358;sea;7377;-1;-1;-1;-1;;Alabama
4062;6348;sea;7545;-1;-1;-1;-1;;Florida
6245;335;sea;7914;-1;-1;-1;-1;;South Carolina
8864;3831;sea;8836;-1;-1;-1;-1;;Kentucky
8864;4913;sea;8836;-1;-1;-1;-1;;Kentucky
4248;6739;sea;8836;-1;-1;-1;-1;;Kentucky
3881;6090;sea;8836;-1;-1;-1;-1;;Kentucky-Illinois
2120;3881;sea;8836;-1;-1;-1;-1;;Kentucky-Illinois
1874;1479;sea;8837;-1;-1;-1;-1;;Kentucky-Indiana
4736;4072;sea;7756;-1;-1;-1;-1;;Michigan
6729;4072;sea;7756;-1;-1;-1;-1;;Michigan
4888;6721;sea;7771;-1;-1;-1;-1;;Michigan
4888;5536;sea;7771;-1;-1;-1;-1;;Michigan-Ontario
4442;6722;sea;7771;-1;-1;-1;-1;;Ontario
6726;4888;sea;7768;-1;-1;-1;-1;;Michigan
6724;3989;sea;7771;-1;-1;-1;-1;;Ontario
6724;2727;sea;7668;-1;-1;-1;-1;;Ontario
6727;3989;sea;7771;-1;-1;-1;-1;;Ontario
4703;3989;sea;7575;-1;-1;-1;-1;;Ontario
1582;6732;sea;7756;-1;-1;-1;-1;;Michigan
3225;6735;sea;7291;-1;-1;-1;-1;;Wisconsin
6733;6735;sea;7291;-1;-1;-1;-1;;Wisconsin
5858;5863;sea;8838;-1;-1;-1;-1;;Pennslyvania
5858;1157;sea;8838;-1;-1;-1;-1;;Pennslyvania
1157;5863;sea;8838;-1;-1;-1;-1;;Pennslyvania
4128;1347;sea;7327;-1;-1;-1;-1;;Virginia
2022;3384;sea;7719;-1;-1;-1;-1;;Virginia-DC
3384;5902;sea;7719;-1;-1;-1;-1;;Virginia-Maryland
4981;4569;sea;7327;-1;-1;-1;-1;;Virginia
1547;1790;sea;8853;-1;-1;-1;-1;;Pennslyvania
1640;4737;sea;7727;-1;-1;-1;-1;;Pennslyvania-New Jersey
5767;4394;sea;7841;-1;-1;-1;-1;;New York
8868;8869;sea;7704;-1;-1;-1;-1;;New York
8868;8863;sea;7704;-1;-1;-1;-1;;New York
8867;8863;sea;7841;-1;-1;-1;-1;;New York
5663;2919;sea;7841;-1;-1;-1;-1;;New York
5663;3323;sea;7841;-1;-1;-1;-1;;New York
931;3759;sea;8852;-1;-1;-1;-1;;Vermont-New Hampshire
5577;5583;sea;8852;-1;-1;-1;-1;;Vermont-New Hampshire
1183;3233;sea;7891;-1;-1;-1;-1;;Boston-New Hampshire
6241;4048;sea;7562;-1;-1;-1;-1;;Baja California-Sonora
6241;4048;sea;7562;-1;-1;-1;-1;;Baja California-Sonora
6343;2973;sea;7368;-1;-1;-1;-1;;Baja California-Sonora
3667;4189;sea;7844;-1;-1;-1;-1;;Manitoba
5437;5449;sea;7844;-1;-1;-1;-1;;Manitoba
5439;940;sea;7844;-1;-1;-1;-1;;Ontario
6714;5564;sea;6895;-1;-1;-1;-1;;Quebec
6714;6713;sea;6895;-1;-1;-1;-1;;Quebec
6714;4179;sea;6895;-1;-1;-1;-1;;Quebec
6714;6717;sea;6895;-1;-1;-1;-1;;Quebec
6713;5034;sea;6895;-1;-1;-1;-1;;Quebec
6713;2307;sea;7853;-1;-1;-1;-1;;Quebec
6720;5564;sea;6895;-1;-1;-1;-1;;Quebec
4179;3125;sea;8858;-1;-1;-1;-1;;Quebec
4179;5534;sea;8858;-1;-1;-1;-1;;Quebec
244;76;sea;7503;-1;-1;-1;-1;;New Brunswick
3243;6538;sea;7507;-1;-1;-1;-1;;Veracruz
2809;2299;sea;7813;-1;-1;-1;-1;;Jalisco-Nayarit
2444;2299;sea;7813;-1;-1;-1;-1;;Sinaloa-Nayarit
4678;503;sea;8839;-1;-1;-1;-1;;Idaho-Oregon
6792;6794;sea;7249;-1;-1;-1;-1;;Florida
6792;6789;sea;7249;-1;-1;-1;-1;;Florida
6778;6789;sea;8031;-1;-1;-1;-1;;Florida
6778;2399;sea;8031;-1;-1;-1;-1;;Florida
2522;4139;sea;7228;-1;-1;-1;-1;;Louisiana
1384;277;sea;8843;-1;-1;-1;-1;;Alabama
4258;309;sea;8833;-1;-1;-1;-1;;Montana
817;2803;sea;8827;-1;-1;-1;-1;;Arkansas
5757;2761;sea;7996;-1;-1;-1;-1;;Michigan
3031;5757;sea;7996;-1;-1;-1;-1;;Michigan
3031;1050;sea;7996;-1;-1;-1;-1;;Michigan
3031;5757;sea;7996;-1;-1;-1;-1;;Michigan
777;1050;sea;7996;-1;-1;-1;-1;;Michigan
777;3292;sea;7996;-1;-1;-1;-1;;Michigan
777;5762;sea;7996;-1;-1;-1;-1;;Michigan
4253;5774;sea;7996;-1;-1;-1;-1;;Michigan
5762;5774;sea;7996;-1;-1;-1;-1;;Michigan
1019;4253;sea;7996;-1;-1;-1;-1;;Michigan
4893;5752;sea;7045;-1;-1;-1;-1;;Michigan-Ontario
4649;5783;sea;7058;-1;-1;-1;-1;;Michigan-Ontario
5865;2541;sea;8828;-1;-1;-1;-1;;Indiana
5865;1781;sea;8828;-1;-1;-1;-1;;Indiana
5865;3591;sea;8828;-1;-1;-1;-1;;Indiana
2362;3724;sea;8828;-1;-1;-1;-1;;Illinois
2260;3724;sea;8828;-1;-1;-1;-1;;Illinois
2260;5848;sea;8828;-1;-1;-1;-1;;Illinois
3209;3802;sea;8828;-1;-1;-1;-1;;Illinois
3209;5846;sea;8828;-1;-1;-1;-1;;Illinois
2852;3802;sea;8828;-1;-1;-1;-1;;Illinois
2852;2916;sea;8828;-1;-1;-1;-1;;Illinois
2852;3802;sea;8828;-1;-1;-1;-1;;Illinois
922;5892;sea;8828;-1;-1;-1;-1;;Illinois
2881;2128;sea;8828;-1;-1;-1;-1;;Illinois
5952;2978;sea;8828;-1;-1;-1;-1;;Illinois
5978;2978;sea;8828;-1;-1;-1;-1;;Illinois
1513;2301;sea;8828;-1;-1;-1;-1;;Illinois
6011;4339;sea;8828;-1;-1;-1;-1;;Illinois
1221;4339;sea;8828;-1;-1;-1;-1;;Illinois
1085;6046;sea;8828;-1;-1;-1;-1;;Illinois
2178;4204;sea;8837;-1;-1;-1;-1;;Indiana
4204;5904;sea;8837;-1;-1;-1;-1;;Indiana
1579;5871;sea;8837;-1;-1;-1;-1;;Indiana
5090;3024;sea;8837;-1;-1;-1;-1;;Indiana
5090;5871;sea;8837;-1;-1;-1;-1;;Indiana
5090;5866;sea;8837;-1;-1;-1;-1;;Indiana
1620;2040;sea;8837;-1;-1;-1;-1;;Indiana
1620;1648;sea;8837;-1;-1;-1;-1;;Indiana
563;1648;sea;8837;-1;-1;-1;-1;;Indiana
488;2487;sea;7566;-1;-1;-1;-1;;BC
2178;2460;sea;8837;-1;-1;-1;-1;;Indiana-Illinois
2178;3049;sea;8837;-1;-1;-1;-1;;Indiana-Illinois
4236;3049;sea;8837;-1;-1;-1;-1;;Indiana-Illinois
3503;1886;sea;8837;-1;-1;-1;-1;;Indiana-Illinois
243;2817;sea;8837;-1;-1;-1;-1;;Indiana-Illinois
3503;1886;sea;8837;-1;-1;-1;-1;;Indiana-Illinois
2817;6003;sea;8837;-1;-1;-1;-1;;Indiana-Illinois
3503;1886;sea;8837;-1;-1;-1;-1;;Indiana-Illinois
6043;5006;sea;8837;-1;-1;-1;-1;;Indiana-Illinois
3503;1886;sea;8837;-1;-1;-1;-1;;Indiana-Illinois
1105;995;sea;8837;-1;-1;-1;-1;;Indiana-Illinois
1500;4;sea;8837;-1;-1;-1;-1;;Indiana-Kentucky
4103;4390;sea;8837;-1;-1;-1;-1;;Indiana-Kentucky
2459;4441;sea;8837;-1;-1;-1;-1;;Indiana-Kentucky
5999;2848;sea;8837;-1;-1;-1;-1;;Indiana-Kentucky
3224;3523;sea;8837;-1;-1;-1;-1;;Indiana-Kentucky
4;1527;sea;8837;-1;-1;-1;-1;;Illinois-Kentucky
3881;6090;sea;8836;-1;-1;-1;-1;;Illinois-Kentucky
3881;2120;sea;8827;-1;-1;-1;-1;;Illinois-Kentucky
154;2120;sea;8827;-1;-1;-1;-1;;Illinois-Missouri
238;2120;sea;8827;-1;-1;-1;-1;;Illinois-Missouri
1987;6046;sea;8828;-1;-1;-1;-1;;Illinois-Missouri
3756;1085;sea;8828;-1;-1;-1;-1;;Illinois-Missouri
3756;299;sea;8828;-1;-1;-1;-1;;Missouri
1716;299;sea;8828;-1;-1;-1;-1;;Illinois-Missouri
178;5978;sea;8828;-1;-1;-1;-1;;Illinois-Missouri
2405;5978;sea;8835;-1;-1;-1;-1;;Illinois-Missouri
2405;1231;sea;8835;-1;-1;-1;-1;;Illinois-Missouri
3497;1231;sea;8835;-1;-1;-1;-1;;Illinois-Iowa
1796;3497;sea;8835;-1;-1;-1;-1;;Illinois-Iowa
1796;3945;sea;8835;-1;-1;-1;-1;;Illinois-Iowa
1525;5855;sea;8835;-1;-1;-1;-1;;Illinois-Iowa
906;998;sea;8835;-1;-1;-1;-1;;Illinois-Iowa
1920;5062;sea;8835;-1;-1;-1;-1;;Illinois-Iowa
5830;3160;sea;8835;-1;-1;-1;-1;;Illinois-Iowa
1639;5689;sea;7291;-1;-1;-1;-1;;Wisconsin
1639;820;sea;7291;-1;-1;-1;-1;;Wisconsin
4006;3225;sea;7291;-1;-1;-1;-1;;Wisconsin
1920;3043;sea;8835;-1;-1;-1;-1;;Wisconsin-Iowa
4683;714;sea;8861;-1;-1;-1;-1;;Wisconsin
1339;714;sea;8861;-1;-1;-1;-1;;Wisconsin
1339;2743;sea;8861;-1;-1;-1;-1;;Wisconsin
672;2743;sea;8861;-1;-1;-1;-1;;Wisconsin
2601;2680;sea;8861;-1;-1;-1;-1;;Wisconsin
2275;5708;sea;8861;-1;-1;-1;-1;;Wisconsin
672;2743;sea;8861;-1;-1;-1;-1;;Wisconsin
2601;2680;sea;8861;-1;-1;-1;-1;;Wisconsin
2275;2680;sea;8861;-1;-1;-1;-1;;Wisconsin
5708;2680;sea;8861;-1;-1;-1;-1;;Wisconsin
2275;3899;sea;8861;-1;-1;-1;-1;;Wisconsin
2275;1814;sea;8861;-1;-1;-1;-1;;Wisconsin
1814;2794;sea;8861;-1;-1;-1;-1;;Wisconsin
552;5643;sea;8861;-1;-1;-1;-1;;Wisconsin
552;2488;sea;8861;-1;-1;-1;-1;;Wisconsin
4502;2488;sea;8861;-1;-1;-1;-1;;Wisconsin
1960;2591;sea;8861;-1;-1;-1;-1;;Wisconsin
5765;714;sea;8861;-1;-1;-1;-1;;Wisconsin-Iowa
5738;497;sea;8861;-1;-1;-1;-1;;Wisconsin-Minnesota
3504;1125;sea;8861;-1;-1;-1;-1;;Wisconsin-Minnesota
5738;497;sea;8861;-1;-1;-1;-1;;Wisconsin-Minnesota
3287;5656;sea;8861;-1;-1;-1;-1;;Wisconsin-Minnesota
4050;5656;sea;8861;-1;-1;-1;-1;;Wisconsin-Minnesota
3009;5656;sea;8861;-1;-1;-1;-1;;Wisconsin-Minnesota
3009;3781;sea;8861;-1;-1;-1;-1;;Wisconsin-Minnesota
1900;4101;sea;8861;-1;-1;-1;-1;;Wisconsin-Minnesota
2377;4101;sea;8861;-1;-1;-1;-1;;Wisconsin-Minnesota
854;1184;sea;8861;-1;-1;-1;-1;;Wisconsin-Minnesota
5855;3945;sea;8835;-1;-1;-1;-1;;Iowa
5855;549;sea;8835;-1;-1;-1;-1;;Iowa
549;1860;sea;8835;-1;-1;-1;-1;;Iowa
5855;549;sea;8835;-1;-1;-1;-1;;Iowa
164;5792;sea;8835;-1;-1;-1;-1;;Iowa
595;5792;sea;8835;-1;-1;-1;-1;;Iowa
4834;1422;sea;8835;-1;-1;-1;-1;;Iowa
5779;1422;sea;8835;-1;-1;-1;-1;;Iowa
595;1422;sea;8835;-1;-1;-1;-1;;Iowa
1559;3497;sea;8835;-1;-1;-1;-1;;Iowa
2381;4086;sea;8835;-1;-1;-1;-1;;Iowa
3918;4086;sea;8835;-1;-1;-1;-1;;Iowa
648;4086;sea;8835;-1;-1;-1;-1;;Iowa
2381;4086;sea;8835;-1;-1;-1;-1;;Iowa
1158;4860;sea;8835;-1;-1;-1;-1;;Iowa
5800;1062;sea;8835;-1;-1;-1;-1;;Iowa
2285;5777;sea;8835;-1;-1;-1;-1;;Iowa
5766;5777;sea;8835;-1;-1;-1;-1;;Iowa
5878;1054;sea;8829;-1;-1;-1;-1;;Iowa
5878;2180;sea;8829;-1;-1;-1;-1;;Iowa
3786;2180;sea;8829;-1;-1;-1;-1;;Iowa
1316;4518;sea;8829;-1;-1;-1;-1;;Iowa
2975;2836;sea;8829;-1;-1;-1;-1;;Iowa
2836;3420;sea;8829;-1;-1;-1;-1;;Iowa
4038;1252;sea;8861;-1;-1;-1;-1;;Minnesota
3197;4770;sea;8861;-1;-1;-1;-1;;Minnesota
4026;4770;sea;8861;-1;-1;-1;-1;;Minnesota
4026;1660;sea;8861;-1;-1;-1;-1;;Minnesota
1675;1100;sea;8861;-1;-1;-1;-1;;Minnesota
3492;4988;sea;8861;-1;-1;-1;-1;;Minnesota
480;3492;sea;8861;-1;-1;-1;-1;;Minnesota
4312;5634;sea;8861;-1;-1;-1;-1;;Minnesota
5660;5676;sea;8861;-1;-1;-1;-1;;Minnesota
4050;3009;sea;8861;-1;-1;-1;-1;;Minnesota
2191;5676;sea;8861;-1;-1;-1;-1;;Minnesota
2191;2935;sea;8861;-1;-1;-1;-1;;Minnesota
2191;2232;sea;8861;-1;-1;-1;-1;;Minnesota
5682;1369;sea;8861;-1;-1;-1;-1;;Minnesota
469;4831;sea;8861;-1;-1;-1;-1;;Minnesota
286;5655;sea;8861;-1;-1;-1;-1;;Minnesota
5086;1809;sea;8861;-1;-1;-1;-1;;Minnesota
539;469;sea;8861;-1;-1;-1;-1;;Minnesota-South Dakota
5630;469;sea;8861;-1;-1;-1;-1;;Minnesota-South Dakota
4273;2636;sea;8861;-1;-1;-1;-1;;Minnesota-North Dakota
1358;982;sea;8861;-1;-1;-1;-1;;Minnesota-North Dakota
1358;5023;sea;8861;-1;-1;-1;-1;;Minnesota-North Dakota
5548;2841;sea;8861;-1;-1;-1;-1;;Minnesota-North Dakota
5548;505;sea;8861;-1;-1;-1;-1;;Minnesota-North Dakota
1971;505;sea;8861;-1;-1;-1;-1;;Minnesota-North Dakota
1971;5521;sea;7844;-1;-1;-1;-1;;Minnesota-North Dakota
4633;5521;sea;7844;-1;-1;-1;-1;;Minnesota-North Dakota
5490;5493;sea;7844;-1;-1;-1;-1;;Minnesota-North Dakota
5541;5535;sea;8847;-1;-1;-1;-1;;North Dakota
5541;2132;sea;8847;-1;-1;-1;-1;;North Dakota
4641;5551;sea;8847;-1;-1;-1;-1;;North Dakota
5597;1599;sea;8847;-1;-1;-1;-1;;North Dakota
5597;506;sea;8847;-1;-1;-1;-1;;North Dakota
5597;5033;sea;8847;-1;-1;-1;-1;;North Dakota
564;895;sea;8847;-1;-1;-1;-1;;South Dakota
4889;4479;sea;8825;-1;-1;-1;-1;;Oklahoma
2986;3855;sea;8824;-1;-1;-1;-1;;Oklahoma-Texas
3081;2060;sea;8827;-1;-1;-1;-1;;Oklahoma-Texas
6387;4911;sea;7720;-1;-1;-1;-1;;Louisiana-Texas
3935;5005;sea;8827;-1;-1;-1;-1;;Louisiana-Texas
2986;1759;sea;8824;-1;-1;-1;-1;;Louisiana-Texas
467;6089;sea;8851;-1;-1;-1;-1;;Nevada-Arizona
2625;1045;sea;8853;-1;-1;-1;-1;;
4558;4735;sea;8853;-1;-1;-1;-1;;
2625;3309;sea;8853;-1;-1;-1;-1;;
520;1547;sea;8853;-1;-1;-1;-1;;
3773;2091;sea;8853;-1;-1;-1;-1;;
3773;4775;sea;8853;-1;-1;-1;-1;;
2091;4775;sea;8853;-1;-1;-1;-1;;
3416;4210;sea;8853;-1;-1;-1;-1;;
4265;1604;sea;7920;-1;-1;-1;-1;;
5648;4083;sea;7841;-1;-1;-1;-1;;
5796;4775;sea;8853;-1;-1;-1;-1;;
2265;2744;sea;8853;-1;-1;-1;-1;;
2265;3149;sea;8853;-1;-1;-1;-1;;
2091;5786;sea;8853;-1;-1;-1;-1;;
4504;5786;sea;8853;-1;-1;-1;-1;;
4504;3663;sea;8853;-1;-1;-1;-1;;
2403;3663;sea;8853;-1;-1;-1;-1;;
4761;3663;sea;8853;-1;-1;-1;-1;;
5753;3230;sea;8853;-1;-1;-1;-1;;
2334;2140;sea;8853;-1;-1;-1;-1;;
2334;5724;sea;8853;-1;-1;-1;-1;;
5753;3884;sea;8853;-1;-1;-1;-1;;
4761;5724;sea;2334;-1;-1;-1;-1;;
4210;5724;sea;5722;-1;-1;-1;-1;;
4210;5722;sea;3416;-1;-1;-1;-1;;
4210;5686;sea;8853;-1;-1;-1;-1;;
5686;4679;sea;8853;-1;-1;-1;-1;;
5686;5663;sea;8853;-1;-1;-1;-1;;
1561;4395;sea;7727;-1;-1;-1;-1;;
1096;4334;sea;7727;-1;-1;-1;-1;;
5807;4334;sea;2422;-1;-1;-1;-1;;
1045;1640;sea;7727;-1;-1;-1;-1;;
4737;3746;sea;7727;-1;-1;-1;-1;;
4650;5849;sea;7727;-1;-1;-1;-1;;
1096;5092;sea;7727;-1;-1;-1;-1;;
2543;5092;sea;7727;-1;-1;-1;-1;;
4210;3189;sea;7727;-1;-1;-1;-1;;
2689;2529;sea;6847;-1;-1;-1;-1;;
2529;3729;sea;7711;-1;-1;-1;-1;;
6737;3729;sea;7711;-1;-1;-1;-1;;
2689;6737;sea;7711;-1;-1;-1;-1;;
2902;4253;sea;7996;-1;-1;-1;-1;;
4556;2902;sea;7996;-1;-1;-1;-1;;
5669;1313;sea;7920;-1;-1;-1;-1;;
5669;354;sea;7920;-1;-1;-1;-1;;
5669;1604;sea;7920;-1;-1;-1;-1;;
5704;3577;sea;7920;-1;-1;-1;-1;;
1218;6725;sea;8858;-1;-1;-1;-1;;
6725;4055;sea;8858;-1;-1;-1;-1;;
4083;4077;sea;5622;-1;-1;-1;-1;;
4077;909;sea;8858;-1;-1;-1;-1;;
4686;4394;sea;7841;-1;-1;-1;-1;;
4686;703;sea;7841;-1;-1;-1;-1;;
3171;5712;sea;7841;-1;-1;-1;-1;;
3171;5695;sea;7841;-1;-1;-1;-1;;
3171;2919;sea;7841;-1;-1;-1;-1;;
5663;3648;sea;7841;-1;-1;-1;-1;;
5663;5648;sea;7841;-1;-1;-1;-1;;
3904;5646;sea;7841;-1;-1;-1;-1;;
3904;3648;sea;5646;-1;-1;-1;-1;;
5648;2561;sea;7841;-1;-1;-1;-1;;
2561;3648;sea;7841;-1;-1;-1;-1;;
3648;5622;sea;7841;-1;-1;-1;-1;;
2772;864;sea;8852;-1;-1;-1;-1;;
2772;1899;sea;8852;-1;-1;-1;-1;;
4754;1899;sea;8852;-1;-1;-1;-1;;
2161;4362;sea;8852;-1;-1;-1;-1;;
2161;209;sea;8852;-1;-1;-1;-1;;
1265;5661;sea;8852;-1;-1;-1;-1;;
514;4941;sea;8852;-1;-1;-1;-1;;
4286;4941;sea;8852;-1;-1;-1;-1;;
5624;4941;sea;8852;-1;-1;-1;-1;;
5624;4388;sea;8852;-1;-1;-1;-1;;
2597;4388;sea;8852;-1;-1;-1;-1;;
951;5583;sea;8852;-1;-1;-1;-1;;
5595;4421;sea;8852;-1;-1;-1;-1;;
5595;951;sea;8852;-1;-1;-1;-1;;
5595;4388;sea;8852;-1;-1;-1;-1;;
931;5566;sea;8852;-1;-1;-1;-1;;
931;5577;sea;8852;-1;-1;-1;-1;;
3485;3233;sea;7891;-1;-1;-1;-1;;
3992;1627;sea;7891;-1;-1;-1;-1;;
5610;4388;sea;7891;-1;-1;-1;-1;;
3992;5610;sea;7891;-1;-1;-1;-1;;
5636;1627;sea;7891;-1;-1;-1;-1;;
4325;5571;sea;7329;-1;-1;-1;-1;;
2878;3034;sea;7329;-1;-1;-1;-1;;
4948;1267;sea;7329;-1;-1;-1;-1;;
615;1267;sea;7329;-1;-1;-1;-1;;
3311;1791;sea;7329;-1;-1;-1;-1;;
3311;5527;sea;7329;-1;-1;-1;-1;;
615;5527;sea;7329;-1;-1;-1;-1;;
5027;6715;sea;7708;-1;-1;-1;-1;;
5027;6718;sea;7708;-1;-1;-1;-1;;
6715;6719;sea;7708;-1;-1;-1;-1;;
2164;2352;sea;7503;-1;-1;-1;-1;;
3529;3268;sea;7503;-1;-1;-1;-1;;
5436;2417;sea;7503;-1;-1;-1;-1;;
1674;4815;sea;7503;-1;-1;-1;-1;;
2425;5451;sea;7503;-1;-1;-1;-1;;
2425;3554;sea;5451;-1;-1;-1;-1;;
518;6709;sea;7986;-1;-1;-1;-1;;
2819;2766;sea;7749;-1;-1;-1;-1;;
4208;4472;sea;7711;-1;-1;-1;-1;;
1305;345;sea;7711;-1;-1;-1;-1;;
1465;345;sea;7711;-1;-1;-1;-1;;
5662;449;sea;7711;-1;-1;-1;-1;;
5964;5953;sea;7719;-1;-1;-1;-1;;
5940;4961;sea;7719;-1;-1;-1;-1;;
4423;5924;sea;7719;-1;-1;-1;-1;;
2115;5988;sea;7719;-1;-1;-1;-1;;
2115;3674;sea;7327;-1;-1;-1;-1;;
5915;4426;sea;7719;-1;-1;-1;-1;;
131;5897;sea;5915;-1;-1;-1;-1;;
2714;3819;sea;7719;-1;-1;-1;-1;;
3819;3947;sea;7719;-1;-1;-1;-1;;
5900;2826;sea;7719;-1;-1;-1;-1;;
4188;2826;sea;7719;-1;-1;-1;-1;;
3384;2083;sea;3107;-1;-1;-1;-1;;
4174;4569;sea;7327;-1;-1;-1;-1;;
1558;4174;sea;7327;-1;-1;-1;-1;;
1758;4128;sea;7327;-1;-1;-1;-1;;
4652;5976;sea;7719;-1;-1;-1;-1;;
3903;5996;sea;7327;-1;-1;-1;-1;;
3903;2874;sea;7327;-1;-1;-1;-1;;
3808;360;sea;7327;-1;-1;-1;-1;;
360;4418;sea;7327;-1;-1;-1;-1;;
5059;6017;sea;7327;-1;-1;-1;-1;;
304;5059;sea;7327;-1;-1;-1;-1;;
5059;1421;sea;7327;-1;-1;-1;-1;;
6075;3683;sea;7375;-1;-1;-1;-1;;
4571;1542;sea;7375;-1;-1;-1;-1;;
1542;4791;sea;7375;-1;-1;-1;-1;;
1542;4152;sea;7375;-1;-1;-1;-1;;
6061;4152;sea;7375;-1;-1;-1;-1;;
1118;4152;sea;7375;-1;-1;-1;-1;;
6037;4418;sea;7375;-1;-1;-1;-1;;
6054;1421;sea;7375;-1;-1;-1;-1;;
143;3370;sea;7375;-1;-1;-1;-1;;
6075;2599;sea;7375;-1;-1;-1;-1;;
2599;6081;sea;7375;-1;-1;-1;-1;;
6095;6044;sea;7375;-1;-1;-1;-1;;
3813;6177;sea;7712;-1;-1;-1;-1;;
3813;1709;sea;7712;-1;-1;-1;-1;;
3813;1155;sea;7712;-1;-1;-1;-1;;
6172;1155;sea;7712;-1;-1;-1;-1;;
4113;2153;sea;7712;-1;-1;-1;-1;;
711;2153;sea;7712;-1;-1;-1;-1;;
6144;2153;sea;7712;-1;-1;-1;-1;;
2465;3494;sea;7712;-1;-1;-1;-1;;
2465;6115;sea;7712;-1;-1;-1;-1;;
2646;4063;sea;7712;-1;-1;-1;-1;;
3194;6087;sea;7712;-1;-1;-1;-1;;
3194;4819;sea;7712;-1;-1;-1;-1;;
4619;3510;sea;7649;-1;-1;-1;-1;;
5048;3510;sea;7649;-1;-1;-1;-1;;
5048;2340;sea;7649;-1;-1;-1;-1;;
3294;2340;sea;7649;-1;-1;-1;-1;;
1913;1012;sea;7649;-1;-1;-1;-1;;
1736;2165;sea;7649;-1;-1;-1;-1;;
3073;1012;sea;1913;-1;-1;-1;-1;;
4666;1832;sea;7649;-1;-1;-1;-1;;
1906;4277;sea;7649;-1;-1;-1;-1;;
4277;4833;sea;7649;-1;-1;-1;-1;;
4293;4833;sea;7649;-1;-1;-1;-1;;
1736;4833;sea;7649;-1;-1;-1;-1;;
1736;6117;sea;7649;-1;-1;-1;-1;;
6245;233;sea;7649;-1;-1;-1;-1;;
6245;4619;sea;233;-1;-1;-1;-1;;
6231;6245;sea;7914;-1;-1;-1;-1;;
188;4590;sea;7914;-1;-1;-1;-1;;
4576;6214;sea;7914;-1;-1;-1;-1;;
6224;6214;sea;7914;-1;-1;-1;-1;;
4576;6200;sea;7914;-1;-1;-1;-1;;
6200;4821;sea;7914;-1;-1;-1;-1;;
6189;950;sea;7914;-1;-1;-1;-1;;
2663;6163;sea;7914;-1;-1;-1;-1;;
2663;3444;sea;7914;-1;-1;-1;-1;;
2663;2538;sea;7914;-1;-1;-1;-1;;
2216;950;sea;7914;-1;-1;-1;-1;;
4177;2538;sea;7914;-1;-1;-1;-1;;
4536;1415;sea;7595;-1;-1;-1;-1;;
4915;1415;sea;7595;-1;-1;-1;-1;;
2959;2151;sea;7595;-1;-1;-1;-1;;
2936;6228;sea;7595;-1;-1;-1;-1;;
1670;1712;sea;7595;-1;-1;-1;-1;;
6212;1712;sea;7595;-1;-1;-1;-1;;
6212;6198;sea;7595;-1;-1;-1;-1;;
877;3859;sea;7595;-1;-1;-1;-1;;
2181;3859;sea;7595;-1;-1;-1;-1;;
2181;3883;sea;7595;-1;-1;-1;-1;;
6203;3859;sea;7595;-1;-1;-1;-1;;
2667;95;sea;6228;-1;-1;-1;-1;;
5014;6228;sea;2936;-1;-1;-1;-1;;
3507;6287;sea;7530;-1;-1;-1;-1;;
1211;6287;sea;7530;-1;-1;-1;-1;;
2856;2718;sea;7530;-1;-1;-1;-1;;
2711;95;sea;7530;-1;-1;-1;-1;;
2856;6301;sea;7530;-1;-1;-1;-1;;
1996;6276;sea;7530;-1;-1;-1;-1;;
4928;6276;sea;7530;-1;-1;-1;-1;;
4928;3949;sea;7530;-1;-1;-1;-1;;
2458;4382;sea;7530;-1;-1;-1;-1;;
148;4382;sea;7530;-1;-1;-1;-1;;
2458;2758;sea;7530;-1;-1;-1;-1;;
6429;3524;sea;7579;-1;-1;-1;-1;;
3020;1091;sea;7489;-1;-1;-1;-1;;
3020;6360;sea;7489;-1;-1;-1;-1;;
4591;6360;sea;7489;-1;-1;-1;-1;;
1378;6360;sea;7489;-1;-1;-1;-1;;
3930;3481;sea;7489;-1;-1;-1;-1;;
3930;6353;sea;7489;-1;-1;-1;-1;;
1405;4062;sea;7545;-1;-1;-1;-1;;
4898;1017;sea;7545;-1;-1;-1;-1;;
308;2671;sea;7545;-1;-1;-1;-1;;
6399;6390;sea;7545;-1;-1;-1;-1;;
4533;4036;sea;7545;-1;-1;-1;-1;;
4450;3333;sea;7545;-1;-1;-1;-1;;
4450;818;sea;7545;-1;-1;-1;-1;;
6795;6794;sea;7249;-1;-1;-1;-1;;
1022;2067;sea;8854;-1;-1;-1;-1;;
1022;6341;sea;8854;-1;-1;-1;-1;;
379;6341;sea;8854;-1;-1;-1;-1;;
379;1980;sea;8854;-1;-1;-1;-1;;
379;4182;sea;8854;-1;-1;-1;-1;;
6314;4182;sea;8854;-1;-1;-1;-1;;
2461;565;sea;8854;-1;-1;-1;-1;;
2596;2046;sea;8854;-1;-1;-1;-1;;
6247;2046;sea;8854;-1;-1;-1;-1;;
6265;2046;sea;8854;-1;-1;-1;-1;;
6247;4489;sea;8854;-1;-1;-1;-1;;
6247;3962;sea;8854;-1;-1;-1;-1;;
852;3962;sea;8854;-1;-1;-1;-1;;
852;6234;sea;8854;-1;-1;-1;-1;;
852;1839;sea;8854;-1;-1;-1;-1;;
5066;917;sea;8854;-1;-1;-1;-1;;
662;917;sea;8854;-1;-1;-1;-1;;
5066;6203;sea;8854;-1;-1;-1;-1;;
1555;770;sea;8849;-1;-1;-1;-1;;
770;6338;sea;8843;-1;-1;-1;-1;;
4766;1384;sea;8843;-1;-1;-1;-1;;
1912;3665;sea;8843;-1;-1;-1;-1;;
6286;3665;sea;8843;-1;-1;-1;-1;;
3665;4212;sea;8843;-1;-1;-1;-1;;
978;3487;sea;8843;-1;-1;-1;-1;;
613;3693;sea;8843;-1;-1;-1;-1;;
613;6233;sea;8843;-1;-1;-1;-1;;
4943;613;sea;8843;-1;-1;-1;-1;;
6226;6204;sea;8843;-1;-1;-1;-1;;
1802;4432;sea;7607;-1;-1;-1;-1;;
4432;6372;sea;7607;-1;-1;-1;-1;;
1802;4851;sea;7377;-1;-1;-1;-1;;
277;3173;sea;8849;-1;-1;-1;-1;;
277;6318;sea;8849;-1;-1;-1;-1;;
3173;332;sea;8849;-1;-1;-1;-1;;
3173;6261;sea;8849;-1;-1;-1;-1;;
4154;2472;sea;8849;-1;-1;-1;-1;;
4810;1749;sea;8849;-1;-1;-1;-1;;
953;4781;sea;7492;-1;-1;-1;-1;;
953;3753;sea;7492;-1;-1;-1;-1;;
4459;4689;sea;7492;-1;-1;-1;-1;;
3820;4397;sea;7492;-1;-1;-1;-1;;
4459;1214;sea;7492;-1;-1;-1;-1;;
4254;6327;sea;7492;-1;-1;-1;-1;;
6306;4385;sea;7492;-1;-1;-1;-1;;
6306;3213;sea;7492;-1;-1;-1;-1;;
144;6327;sea;7492;-1;-1;-1;-1;;
1311;4066;sea;7492;-1;-1;-1;-1;;
4782;3213;sea;7492;-1;-1;-1;-1;;
1581;6199;sea;8836;-1;-1;-1;-1;;
4580;4943;sea;8836;-1;-1;-1;-1;;
4074;4580;sea;8836;-1;-1;-1;-1;;
3109;1156;sea;8836;-1;-1;-1;-1;;
1071;2027;sea;8836;-1;-1;-1;-1;;
2783;2027;sea;8836;-1;-1;-1;-1;;
6197;3109;sea;8836;-1;-1;-1;-1;;
1990;6182;sea;8836;-1;-1;-1;-1;;
1150;31;sea;8836;-1;-1;-1;-1;;
31;4577;sea;8836;-1;-1;-1;-1;;
4577;3364;sea;8836;-1;-1;-1;-1;;
2946;4755;sea;8836;-1;-1;-1;-1;;
3364;3335;sea;8836;-1;-1;-1;-1;;
4755;6137;sea;8836;-1;-1;-1;-1;;
4446;1072;sea;8836;-1;-1;-1;-1;;
4446;130;sea;8836;-1;-1;-1;-1;;
6056;577;sea;8836;-1;-1;-1;-1;;
6056;2371;sea;8836;-1;-1;-1;-1;;
2683;6141;sea;8836;-1;-1;-1;-1;;
6156;6141;sea;8836;-1;-1;-1;-1;;
6156;2795;sea;8836;-1;-1;-1;-1;;
3879;2928;sea;8836;-1;-1;-1;-1;;
2400;6185;sea;8836;-1;-1;-1;-1;;
3879;6185;sea;8836;-1;-1;-1;-1;;
6141;2949;sea;8836;-1;-1;-1;-1;;
3127;2949;sea;8836;-1;-1;-1;-1;;
3127;2075;sea;8836;-1;-1;-1;-1;;
3704;2075;sea;8836;-1;-1;-1;-1;;
6153;2075;sea;8836;-1;-1;-1;-1;;
747;1686;sea;8836;-1;-1;-1;-1;;
494;6116;sea;8836;-1;-1;-1;-1;;
6146;747;sea;8836;-1;-1;-1;-1;;
4327;747;sea;8836;-1;-1;-1;-1;;
576;747;sea;8836;-1;-1;-1;-1;;
3735;1780;sea;8836;-1;-1;-1;-1;;
2171;3878;sea;8836;-1;-1;-1;-1;;
6088;3349;sea;8836;-1;-1;-1;-1;;
6088;6076;sea;8836;-1;-1;-1;-1;;
4859;6088;sea;8836;-1;-1;-1;-1;;
2606;953;sea;7492;-1;-1;-1;-1;;
3644;6388;sea;7228;-1;-1;-1;-1;;
3593;6400;sea;7228;-1;-1;-1;-1;;
3990;3877;sea;7228;-1;-1;-1;-1;;
6388;2522;sea;7228;-1;-1;-1;-1;;
3877;2606;sea;6400;-1;-1;-1;-1;;
2969;4139;sea;7228;-1;-1;-1;-1;;
3069;2391;sea;7228;-1;-1;-1;-1;;
328;1251;sea;6295;-1;-1;-1;-1;;
6763;1081;sea;7594;-1;-1;-1;-1;;
1642;6763;sea;7594;-1;-1;-1;-1;;
3276;6298;sea;8824;-1;-1;-1;-1;;
3276;525;sea;8824;-1;-1;-1;-1;;
1970;6331;sea;7228;-1;-1;-1;-1;;
138;3368;sea;7228;-1;-1;-1;-1;;
1970;3368;sea;7228;-1;-1;-1;-1;;
2986;2038;sea;6263;-1;-1;-1;-1;;
2316;1759;sea;8824;-1;-1;-1;-1;;
1334;2986;sea;8824;-1;-1;-1;-1;;
2986;6263;sea;8824;-1;-1;-1;-1;;
6216;2690;sea;8824;-1;-1;-1;-1;;
3895;3352;sea;8824;-1;-1;-1;-1;;
2901;2345;sea;8824;-1;-1;-1;-1;;
2228;2666;sea;8824;-1;-1;-1;-1;;
3741;3655;sea;8824;-1;-1;-1;-1;;
6242;2666;sea;8824;-1;-1;-1;-1;;
3863;2666;sea;8824;-1;-1;-1;-1;;
6246;2666;sea;8824;-1;-1;-1;-1;;
3741;3352;sea;8824;-1;-1;-1;-1;;
1605;6264;sea;8824;-1;-1;-1;-1;;
3090;6248;sea;8824;-1;-1;-1;-1;;
3855;2626;sea;8824;-1;-1;-1;-1;;
3765;3175;sea;8824;-1;-1;-1;-1;;
303;1194;sea;8824;-1;-1;-1;-1;;
407;2081;sea;8824;-1;-1;-1;-1;;
2081;2295;sea;8824;-1;-1;-1;-1;;
867;6775;sea;8029;-1;-1;-1;-1;;
6775;6774;sea;7091;-1;-1;-1;-1;;
6774;6770;sea;7091;-1;-1;-1;-1;;
3244;6770;sea;7091;-1;-1;-1;-1;;
6770;6769;sea;7549;-1;-1;-1;-1;;
6769;6768;sea;7549;-1;-1;-1;-1;;
6768;6766;sea;7837;-1;-1;-1;-1;;
6766;6765;sea;7837;-1;-1;-1;-1;;
6765;1783;sea;7837;-1;-1;-1;-1;;
2509;1642;sea;8856;-1;-1;-1;-1;;
5011;6357;sea;8856;-1;-1;-1;-1;;
2433;6392;sea;8856;-1;-1;-1;-1;;
4717;1730;sea;8862;-1;-1;-1;-1;;
2015;1730;sea;8862;-1;-1;-1;-1;;
3264;1730;sea;8862;-1;-1;-1;-1;;
1730;6291;sea;8862;-1;-1;-1;-1;;
2556;6268;sea;8862;-1;-1;-1;-1;;
2556;411;sea;8862;-1;-1;-1;-1;;
3655;2556;sea;8862;-1;-1;-1;-1;;
657;6285;sea;8862;-1;-1;-1;-1;;
6305;657;sea;8862;-1;-1;-1;-1;;
767;4584;sea;6308;-1;-1;-1;-1;;
767;6308;sea;8862;-1;-1;-1;-1;;
2608;3154;sea;8862;-1;-1;-1;-1;;
2669;6330;sea;8862;-1;-1;-1;-1;;
3473;3864;sea;8856;-1;-1;-1;-1;;
206;6361;sea;8856;-1;-1;-1;-1;;
1255;756;sea;8856;-1;-1;-1;-1;;
206;3864;sea;8856;-1;-1;-1;-1;;
3473;6330;sea;8856;-1;-1;-1;-1;;
1255;6361;sea;8856;-1;-1;-1;-1;;
3000;2708;sea;7720;-1;-1;-1;-1;;
57;2708;sea;7720;-1;-1;-1;-1;;
4730;57;sea;7720;-1;-1;-1;-1;;
1928;4730;sea;7720;-1;-1;-1;-1;;
2665;6316;sea;7720;-1;-1;-1;-1;;
3350;6316;sea;7720;-1;-1;-1;-1;;
6339;1970;sea;7720;-1;-1;-1;-1;;
3350;138;sea;7720;-1;-1;-1;-1;;
1233;2956;sea;7720;-1;-1;-1;-1;;
1554;6387;sea;7720;-1;-1;-1;-1;;
2793;6380;sea;7720;-1;-1;-1;-1;;
1233;6380;sea;7720;-1;-1;-1;-1;;
4383;3149;sea;980;-1;-1;-1;-1;;
3285;5754;sea;8838;-1;-1;-1;-1;;
3285;3650;sea;8838;-1;-1;-1;-1;;
3285;5760;sea;8838;-1;-1;-1;-1;;
3285;5747;sea;5760;-1;-1;-1;-1;;
3285;3149;sea;8838;-1;-1;-1;-1;;
4180;1343;sea;8838;-1;-1;-1;-1;;
1343;3285;sea;8838;-1;-1;-1;-1;;
2753;4180;sea;8838;-1;-1;-1;-1;;
4291;713;sea;8838;-1;-1;-1;-1;;
5809;4291;sea;8838;-1;-1;-1;-1;;
3861;5809;sea;8838;-1;-1;-1;-1;;
5832;3780;sea;8838;-1;-1;-1;-1;;
236;1157;sea;8838;-1;-1;-1;-1;;
236;5840;sea;8838;-1;-1;-1;-1;;
5824;236;sea;8838;-1;-1;-1;-1;;
1993;5934;sea;8838;-1;-1;-1;-1;;
5942;5934;sea;8838;-1;-1;-1;-1;;
3064;5934;sea;8838;-1;-1;-1;-1;;
2148;2143;sea;8838;-1;-1;-1;-1;;
2148;5091;sea;8838;-1;-1;-1;-1;;
8879;5856;sea;8838;-1;-1;-1;-1;;
819;8879;sea;8838;-1;-1;-1;-1;;
5886;8879;sea;8838;-1;-1;-1;-1;;
5886;5918;sea;8838;-1;-1;-1;-1;;
5917;2445;sea;8838;-1;-1;-1;-1;;
2445;1383;sea;8838;-1;-1;-1;-1;;
5917;5918;sea;8838;-1;-1;-1;-1;;
1383;5959;sea;8838;-1;-1;-1;-1;;
3761;5979;sea;8837;-1;-1;-1;-1;;
3761;1383;sea;5959;-1;-1;-1;-1;;
3761;2082;sea;1383;-1;-1;-1;-1;;
1383;5917;sea;8838;-1;-1;-1;-1;;
5925;2972;sea;8838;-1;-1;-1;-1;;
3345;2972;sea;8838;-1;-1;-1;-1;;
5867;1368;sea;8838;-1;-1;-1;-1;;
5880;1368;sea;8838;-1;-1;-1;-1;;
5867;5873;sea;8838;-1;-1;-1;-1;;
5867;866;sea;8838;-1;-1;-1;-1;;
2404;5842;sea;8838;-1;-1;-1;-1;;
1244;1482;sea;8837;-1;-1;-1;-1;;
3528;1482;sea;8837;-1;-1;-1;-1;;
3528;4587;sea;8837;-1;-1;-1;-1;;
4774;3259;sea;8837;-1;-1;-1;-1;;
4774;5016;sea;8837;-1;-1;-1;-1;;
3301;5016;sea;8837;-1;-1;-1;-1;;
3301;1450;sea;8837;-1;-1;-1;-1;;
773;1450;sea;8837;-1;-1;-1;-1;;
773;1858;sea;8837;-1;-1;-1;-1;;
5862;773;sea;8837;-1;-1;-1;-1;;
4140;773;sea;8837;-1;-1;-1;-1;;
3538;3224;sea;8837;-1;-1;-1;-1;;
5963;3224;sea;8837;-1;-1;-1;-1;;
914;3224;sea;8837;-1;-1;-1;-1;;
5995;3713;sea;8837;-1;-1;-1;-1;;
4936;1244;sea;8837;-1;-1;-1;-1;;
1482;4936;sea;8837;-1;-1;-1;-1;;
1271;1446;sea;8837;-1;-1;-1;-1;;
1271;4936;sea;8837;-1;-1;-1;-1;;
3761;3121;sea;8837;-1;-1;-1;-1;;
3677;4514;sea;8837;-1;-1;-1;-1;;
3121;3677;sea;8837;-1;-1;-1;-1;;
4666;604;sea;8837;-1;-1;-1;-1;;
604;6065;sea;8837;-1;-1;-1;-1;;
2863;6065;sea;8837;-1;-1;-1;-1;;
5043;3060;sea;8837;-1;-1;-1;-1;;
4514;519;sea;8837;-1;-1;-1;-1;;
4514;3060;sea;8837;-1;-1;-1;-1;;
2863;1662;sea;8837;-1;-1;-1;-1;;
2863;1615;sea;8837;-1;-1;-1;-1;;
5999;4692;sea;8837;-1;-1;-1;-1;;
1874;589;sea;8837;-1;-1;-1;-1;;
6024;589;sea;8837;-1;-1;-1;-1;;
1434;6036;sea;8837;-1;-1;-1;-1;;
1434;6040;sea;8837;-1;-1;-1;-1;;
3414;1434;sea;8837;-1;-1;-1;-1;;
945;1780;sea;8837;-1;-1;-1;-1;;
3004;945;sea;8837;-1;-1;-1;-1;;
3897;3004;sea;8837;-1;-1;-1;-1;;
4879;3004;sea;8837;-1;-1;-1;-1;;
4879;59;sea;8837;-1;-1;-1;-1;;
6040;4879;sea;8837;-1;-1;-1;-1;;
2493;6040;sea;8837;-1;-1;-1;-1;;
1579;4335;sea;8837;-1;-1;-1;-1;;
5869;563;sea;8837;-1;-1;-1;-1;;
5866;563;sea;8837;-1;-1;-1;-1;;
3503;4236;sea;8837;-1;-1;-1;-1;;
1527;4248;sea;8837;-1;-1;-1;-1;;
6739;3881;sea;8836;-1;-1;-1;-1;;
6739;4913;sea;8836;-1;-1;-1;-1;;
5017;4664;sea;8828;-1;-1;-1;-1;;
2301;2785;sea;8828;-1;-1;-1;-1;;
3053;4578;sea;8828;-1;-1;-1;-1;;
2443;193;sea;8828;-1;-1;-1;-1;;
193;257;sea;8828;-1;-1;-1;-1;;
257;2353;sea;8828;-1;-1;-1;-1;;
6026;1521;sea;8828;-1;-1;-1;-1;;
930;6049;sea;8828;-1;-1;-1;-1;;
6013;290;sea;8828;-1;-1;-1;-1;;
3433;6033;sea;8828;-1;-1;-1;-1;;
4069;6033;sea;8828;-1;-1;-1;-1;;
299;4847;sea;8828;-1;-1;-1;-1;;
648;5841;sea;8835;-1;-1;-1;-1;;
1062;2285;sea;8835;-1;-1;-1;-1;;
4380;5792;sea;8835;-1;-1;-1;-1;;
4515;3043;sea;8835;-1;-1;-1;-1;;
2655;712;sea;8835;-1;-1;-1;-1;;
2655;1369;sea;8835;-1;-1;-1;-1;;
4464;4273;sea;8861;-1;-1;-1;-1;;
1252;4693;sea;8861;-1;-1;-1;-1;;
4770;1206;sea;8861;-1;-1;-1;-1;;
5611;2488;sea;8861;-1;-1;-1;-1;;
5714;5738;sea;8861;-1;-1;-1;-1;;
6009;4906;sea;8829;-1;-1;-1;-1;;
6009;4352;sea;8829;-1;-1;-1;-1;;
766;4352;sea;8829;-1;-1;-1;-1;;
2369;1428;sea;8829;-1;-1;-1;-1;;
4906;2304;sea;8829;-1;-1;-1;-1;;
4906;2127;sea;8829;-1;-1;-1;-1;;
8865;5949;sea;8829;-1;-1;-1;-1;;
8865;5975;sea;8829;-1;-1;-1;-1;;
202;5930;sea;8829;-1;-1;-1;-1;;
4648;1216;sea;8829;-1;-1;-1;-1;;
5076;1216;sea;8829;-1;-1;-1;-1;;
634;1216;sea;8829;-1;-1;-1;-1;;
634;4399;sea;8829;-1;-1;-1;-1;;
5961;3270;sea;8829;-1;-1;-1;-1;;
1053;5949;sea;8829;-1;-1;-1;-1;;
2435;5961;sea;8829;-1;-1;-1;-1;;
2435;2116;sea;8829;-1;-1;-1;-1;;
4925;2116;sea;8829;-1;-1;-1;-1;;
4925;6006;sea;8829;-1;-1;-1;-1;;
4925;3707;sea;8829;-1;-1;-1;-1;;
570;4792;sea;8829;-1;-1;-1;-1;;
570;6006;sea;8829;-1;-1;-1;-1;;
5937;2648;sea;8829;-1;-1;-1;-1;;
2494;3541;sea;8829;-1;-1;-1;-1;;
2918;3541;sea;8829;-1;-1;-1;-1;;
6004;3783;sea;8829;-1;-1;-1;-1;;
3541;6004;sea;8829;-1;-1;-1;-1;;
2854;5878;sea;8829;-1;-1;-1;-1;;
4528;1044;sea;8829;-1;-1;-1;-1;;
5782;4554;sea;8829;-1;-1;-1;-1;;
5782;326;sea;8829;-1;-1;-1;-1;;
3562;2836;sea;8829;-1;-1;-1;-1;;
4554;3562;sea;8829;-1;-1;-1;-1;;
2089;3562;sea;8829;-1;-1;-1;-1;;
3025;2823;sea;8830;-1;-1;-1;-1;;
587;2787;sea;8830;-1;-1;-1;-1;;
587;2047;sea;8830;-1;-1;-1;-1;;
2833;2706;sea;8830;-1;-1;-1;-1;;
3994;250;sea;8830;-1;-1;-1;-1;;
3457;4828;sea;8830;-1;-1;-1;-1;;
1854;409;sea;8830;-1;-1;-1;-1;;
1854;2379;sea;8830;-1;-1;-1;-1;;
2833;4178;sea;8830;-1;-1;-1;-1;;
2833;3191;sea;8830;-1;-1;-1;-1;;
2823;81;sea;8830;-1;-1;-1;-1;;
4858;3823;sea;8830;-1;-1;-1;-1;;
4858;633;sea;8830;-1;-1;-1;-1;;
1357;1132;sea;8830;-1;-1;-1;-1;;
5883;1357;sea;8830;-1;-1;-1;-1;;
5883;1882;sea;8830;-1;-1;-1;-1;;
3629;4832;sea;8830;-1;-1;-1;-1;;
2746;4467;sea;8830;-1;-1;-1;-1;;
4467;2889;sea;8830;-1;-1;-1;-1;;
4467;2536;sea;8830;-1;-1;-1;-1;;
2014;2072;sea;8830;-1;-1;-1;-1;;
2014;1835;sea;8830;-1;-1;-1;-1;;
2889;1835;sea;8830;-1;-1;-1;-1;;
1808;297;sea;8830;-1;-1;-1;-1;;
1132;871;sea;8830;-1;-1;-1;-1;;
297;5838;sea;8830;-1;-1;-1;-1;;
4805;5838;sea;8830;-1;-1;-1;-1;;
1132;1688;sea;8830;-1;-1;-1;-1;;
1132;2771;sea;8830;-1;-1;-1;-1;;
1132;4255;sea;8830;-1;-1;-1;-1;;
1644;1132;sea;8830;-1;-1;-1;-1;;
3038;1132;sea;8830;-1;-1;-1;-1;;
1363;4648;sea;8830;-1;-1;-1;-1;;
871;4648;sea;8830;-1;-1;-1;-1;;
1363;5076;sea;8830;-1;-1;-1;-1;;
5884;1950;sea;8830;-1;-1;-1;-1;;
3472;140;sea;8830;-1;-1;-1;-1;;
3472;4528;sea;8830;-1;-1;-1;-1;;
1061;4528;sea;1061;-1;-1;-1;-1;;
319;564;sea;8847;-1;-1;-1;-1;;
4369;3218;sea;8847;-1;-1;-1;-1;;
1931;3218;sea;8847;-1;-1;-1;-1;;
1687;5688;sea;8847;-1;-1;-1;-1;;
1964;1566;sea;8847;-1;-1;-1;-1;;
2089;637;sea;8847;-1;-1;-1;-1;;
2962;247;sea;8832;-1;-1;-1;-1;;
4089;4716;sea;8832;-1;-1;-1;-1;;
5644;4716;sea;8832;-1;-1;-1;-1;;
173;1179;sea;8832;-1;-1;-1;-1;;
1503;2268;sea;8832;-1;-1;-1;-1;;
3181;4228;sea;8832;-1;-1;-1;-1;;
5703;1702;sea;8832;-1;-1;-1;-1;;
416;5732;sea;8832;-1;-1;-1;-1;;
416;291;sea;8832;-1;-1;-1;-1;;
389;2268;sea;8832;-1;-1;-1;-1;;
4739;4853;sea;8832;-1;-1;-1;-1;;
1394;94;sea;8832;-1;-1;-1;-1;;
1650;1018;sea;8832;-1;-1;-1;-1;;
3915;2805;sea;8832;-1;-1;-1;-1;;
1179;2805;sea;8832;-1;-1;-1;-1;;
1650;2805;sea;8832;-1;-1;-1;-1;;
3689;1204;sea;8832;-1;-1;-1;-1;;
4753;1717;sea;8832;-1;-1;-1;-1;;
3575;5590;sea;8832;-1;-1;-1;-1;;
3575;1717;sea;8832;-1;-1;-1;-1;;
2656;4169;sea;8834;-1;-1;-1;-1;;
3068;1116;sea;8834;-1;-1;-1;-1;;
1229;4984;sea;8834;-1;-1;-1;-1;;
2110;5591;sea;8834;-1;-1;-1;-1;;
4456;2839;sea;8834;-1;-1;-1;-1;;
5591;2839;sea;8834;-1;-1;-1;-1;;
4456;5035;sea;8834;-1;-1;-1;-1;;
5035;4435;sea;8834;-1;-1;-1;-1;;
2189;4435;sea;8834;-1;-1;-1;-1;;
2189;3012;sea;8834;-1;-1;-1;-1;;
5544;1229;sea;8834;-1;-1;-1;-1;;
5544;3012;sea;8834;-1;-1;-1;-1;;
282;341;sea;8834;-1;-1;-1;-1;;
3847;1059;sea;8834;-1;-1;-1;-1;;
3847;1354;sea;8834;-1;-1;-1;-1;;
1750;4616;sea;8834;-1;-1;-1;-1;;
1153;4616;sea;8834;-1;-1;-1;-1;;
3847;2406;sea;8834;-1;-1;-1;-1;;
282;1609;sea;8834;-1;-1;-1;-1;;
2406;3641;sea;8834;-1;-1;-1;-1;;
4759;1739;sea;8834;-1;-1;-1;-1;;
8880;1739;sea;8834;-1;-1;-1;-1;;
341;5591;sea;8834;-1;-1;-1;-1;;
1609;1287;sea;8834;-1;-1;-1;-1;;
341;1972;sea;8834;-1;-1;-1;-1;;
1288;3328;sea;8834;-1;-1;-1;-1;;
3231;3157;sea;8834;-1;-1;-1;-1;;
5659;5677;sea;8834;-1;-1;-1;-1;;
3231;5677;sea;8834;-1;-1;-1;-1;;
5659;3328;sea;8834;-1;-1;-1;-1;;
678;2763;sea;8834;-1;-1;-1;-1;;
678;730;sea;8834;-1;-1;-1;-1;;
2908;833;sea;8834;-1;-1;-1;-1;;
3626;3631;sea;8833;-1;-1;-1;-1;;
4982;3631;sea;8833;-1;-1;-1;-1;;
2044;5511;sea;8833;-1;-1;-1;-1;;
4984;4169;sea;8833;-1;-1;-1;-1;;
4984;2656;sea;8833;-1;-1;-1;-1;;
5511;1789;sea;8833;-1;-1;-1;-1;;
5511;3664;sea;8833;-1;-1;-1;-1;;
1789;4984;sea;8833;-1;-1;-1;-1;;
4982;2044;sea;8833;-1;-1;-1;-1;;
5525;3920;sea;8833;-1;-1;-1;-1;;
5523;5510;sea;8833;-1;-1;-1;-1;;
684;5510;sea;8833;-1;-1;-1;-1;;
1707;5495;sea;8833;-1;-1;-1;-1;;
5514;167;sea;8833;-1;-1;-1;-1;;
4199;167;sea;8833;-1;-1;-1;-1;;
8880;1438;sea;8833;-1;-1;-1;-1;;
1770;1153;sea;8833;-1;-1;-1;-1;;
4640;1153;sea;8833;-1;-1;-1;-1;;
2915;5598;sea;8833;-1;-1;-1;-1;;
2212;1750;sea;8833;-1;-1;-1;-1;;
2212;4223;sea;8833;-1;-1;-1;-1;;
4443;5550;sea;8833;-1;-1;-1;-1;;
4443;2811;sea;8833;-1;-1;-1;-1;;
309;2811;sea;8833;-1;-1;-1;-1;;
2719;2740;sea;8833;-1;-1;-1;-1;;
2719;4258;sea;8833;-1;-1;-1;-1;;
161;4199;sea;8833;-1;-1;-1;-1;;
2939;4199;sea;8833;-1;-1;-1;-1;;
4690;1707;sea;8833;-1;-1;-1;-1;;
596;3823;sea;8826;-1;-1;-1;-1;;
596;6008;sea;8826;-1;-1;-1;-1;;
4772;1694;sea;8826;-1;-1;-1;-1;;
2142;1694;sea;8826;-1;-1;-1;-1;;
2142;6020;sea;8826;-1;-1;-1;-1;;
2331;1580;sea;8826;-1;-1;-1;-1;;
6047;6030;sea;8826;-1;-1;-1;-1;;
6047;910;sea;8826;-1;-1;-1;-1;;
2540;1545;sea;8826;-1;-1;-1;-1;;
4481;219;sea;8826;-1;-1;-1;-1;;
2712;219;sea;8826;-1;-1;-1;-1;;
2712;2003;sea;8826;-1;-1;-1;-1;;
1467;6053;sea;8826;-1;-1;-1;-1;;
1172;2440;sea;8826;-1;-1;-1;-1;;
2003;6053;sea;8826;-1;-1;-1;-1;;
6086;4263;sea;8826;-1;-1;-1;-1;;
3526;605;sea;8826;-1;-1;-1;-1;;
5079;1444;sea;8826;-1;-1;-1;-1;;
6051;3240;sea;8826;-1;-1;-1;-1;;
1444;3205;sea;8826;-1;-1;-1;-1;;
532;1768;sea;8826;-1;-1;-1;-1;;
2913;6078;sea;8826;-1;-1;-1;-1;;
2913;4148;sea;8826;-1;-1;-1;-1;;
4875;448;sea;8826;-1;-1;-1;-1;;
2448;448;sea;8826;-1;-1;-1;-1;;
805;1131;sea;8826;-1;-1;-1;-1;;
1263;3979;sea;8825;-1;-1;-1;-1;;
1263;1849;sea;8825;-1;-1;-1;-1;;
2147;3976;sea;8825;-1;-1;-1;-1;;
3810;4653;sea;8825;-1;-1;-1;-1;;
6206;4653;sea;8825;-1;-1;-1;-1;;
2514;1478;sea;8825;-1;-1;-1;-1;;
6206;1478;sea;8825;-1;-1;-1;-1;;
3055;3022;sea;8825;-1;-1;-1;-1;;
3055;1478;sea;8825;-1;-1;-1;-1;;
1729;3055;sea;8825;-1;-1;-1;-1;;
6143;881;sea;8825;-1;-1;-1;-1;;
107;1597;sea;8825;-1;-1;-1;-1;;
6180;4939;sea;8825;-1;-1;-1;-1;;
1737;4939;sea;8825;-1;-1;-1;-1;;
3116;212;sea;8825;-1;-1;-1;-1;;
4939;3116;sea;8825;-1;-1;-1;-1;;
3854;3086;sea;8825;-1;-1;-1;-1;;
2589;62;sea;8825;-1;-1;-1;-1;;
2589;3765;sea;8825;-1;-1;-1;-1;;
4969;372;sea;8825;-1;-1;-1;-1;;
1159;1190;sea;8825;-1;-1;-1;-1;;
3245;6171;sea;8825;-1;-1;-1;-1;;
4631;6171;sea;8825;-1;-1;-1;-1;;
3379;4097;sea;8827;-1;-1;-1;-1;;
4479;2777;sea;8827;-1;-1;-1;-1;;
744;4479;sea;8827;-1;-1;-1;-1;;
1489;4479;sea;8827;-1;-1;-1;-1;;
2523;6196;sea;8827;-1;-1;-1;-1;;
4165;6196;sea;8827;-1;-1;-1;-1;;
955;1348;sea;8827;-1;-1;-1;-1;;
6187;1348;sea;8827;-1;-1;-1;-1;;
4994;1897;sea;8827;-1;-1;-1;-1;;
1348;4994;sea;8827;-1;-1;-1;-1;;
3442;4994;sea;8827;-1;-1;-1;-1;;
4910;4505;sea;8827;-1;-1;-1;-1;;
1529;6747;sea;8827;-1;-1;-1;-1;;
6747;112;sea;8827;-1;-1;-1;-1;;
1529;1889;sea;8827;-1;-1;-1;-1;;
3354;6239;sea;8827;-1;-1;-1;-1;;
937;6239;sea;8827;-1;-1;-1;-1;;
4165;1348;sea;8827;-1;-1;-1;-1;;
6151;6118;sea;8827;-1;-1;-1;-1;;
6158;3317;sea;8827;-1;-1;-1;-1;;
3747;2882;sea;8827;-1;-1;-1;-1;;
3747;6118;sea;8827;-1;-1;-1;-1;;
6134;3747;sea;8827;-1;-1;-1;-1;;
4375;6158;sea;8827;-1;-1;-1;-1;;
6151;4023;sea;8827;-1;-1;-1;-1;;
6151;695;sea;8827;-1;-1;-1;-1;;
2451;1340;sea;8827;-1;-1;-1;-1;;
2684;4244;sea;8827;-1;-1;-1;-1;;
4777;4244;sea;8827;-1;-1;-1;-1;;
4777;516;sea;8827;-1;-1;-1;-1;;
4777;817;sea;8827;-1;-1;-1;-1;;
1889;3465;sea;8827;-1;-1;-1;-1;;
4505;1177;sea;8827;-1;-1;-1;-1;;
4505;817;sea;8827;-1;-1;-1;-1;;
6123;4115;sea;8827;-1;-1;-1;-1;;
6123;3993;sea;8827;-1;-1;-1;-1;;
2451;3993;sea;8827;-1;-1;-1;-1;;
3465;4215;sea;8827;-1;-1;-1;-1;;
154;3881;sea;8827;-1;-1;-1;-1;;
6097;2120;sea;8827;-1;-1;-1;-1;;
5662;345;sea;7711;-1;-1;-1;-1;;
4208;345;sea;7711;-1;-1;-1;-1;;
1609;2406;sea;8834;-1;-1;-1;-1;;
1354;4616;sea;8834;-1;-1;-1;-1;;
5598;4616;sea;8834;-1;-1;-1;-1;;
4616;8880;sea;8834;-1;-1;-1;-1;;
2915;1153;sea;8833;-1;-1;-1;-1;;
2915;1750;sea;8833;-1;-1;-1;-1;;
2212;5550;sea;8833;-1;-1;-1;-1;;
2719;4199;sea;8833;-1;-1;-1;-1;;
167;1707;sea;8833;-1;-1;-1;-1;;
5495;684;sea;8833;-1;-1;-1;-1;;
1609;1972;sea;8834;-1;-1;-1;-1;;
1287;1722;sea;8834;-1;-1;-1;-1;;
2183;1722;sea;8834;-1;-1;-1;-1;;
1288;2183;sea;8834;-1;-1;-1;-1;;
3157;678;sea;8834;-1;-1;-1;-1;;
678;833;sea;8834;-1;-1;-1;-1;;
5726;2908;sea;8834;-1;-1;-1;-1;;
1503;1179;sea;8832;-1;-1;-1;-1;;
5703;2268;sea;8832;-1;-1;-1;-1;;
5703;5732;sea;8832;-1;-1;-1;-1;;
416;4228;sea;8832;-1;-1;-1;-1;;
3181;247;sea;8832;-1;-1;-1;-1;;
1018;1394;sea;8832;-1;-1;-1;-1;;
94;4739;sea;8832;-1;-1;-1;-1;;
4853;1683;sea;8832;-1;-1;-1;-1;;
1683;5782;sea;8829;-1;-1;-1;-1;;
2089;1566;sea;8847;-1;-1;-1;-1;;
1687;1566;sea;8847;-1;-1;-1;-1;;
1931;5688;sea;8847;-1;-1;-1;-1;;
319;3218;sea;8847;-1;-1;-1;-1;;
5551;2132;sea;8847;-1;-1;-1;-1;;
3044;5551;sea;8847;-1;-1;-1;-1;;
4633;5493;sea;7844;-1;-1;-1;-1;;
1358;2841;sea;8861;-1;-1;-1;-1;;
2636;982;sea;8861;-1;-1;-1;-1;;
4464;469;sea;8861;-1;-1;-1;-1;;
4831;1140;sea;8861;-1;-1;-1;-1;;
286;1140;sea;8861;-1;-1;-1;-1;;
5655;5086;sea;8861;-1;-1;-1;-1;;
5682;5086;sea;8861;-1;-1;-1;-1;;
1369;2191;sea;8861;-1;-1;-1;-1;;
480;5634;sea;8861;-1;-1;-1;-1;;
4988;1675;sea;8861;-1;-1;-1;-1;;
1660;1675;sea;8861;-1;-1;-1;-1;;
204;4693;sea;8861;-1;-1;-1;-1;;
4693;4770;sea;8861;-1;-1;-1;-1;;
4312;5639;sea;8861;-1;-1;-1;-1;;
2377;854;sea;8861;-1;-1;-1;-1;;
1900;3781;sea;8861;-1;-1;-1;-1;;
3504;5714;sea;8861;-1;-1;-1;-1;;
3287;1125;sea;8861;-1;-1;-1;-1;;
3287;2764;sea;8861;-1;-1;-1;-1;;
2743;2601;sea;2680;-1;-1;-1;-1;;
552;2794;sea;8861;-1;-1;-1;-1;;
552;393;sea;8861;-1;-1;-1;-1;;
4753;1204;sea;8832;-1;-1;-1;-1;;
2706;3994;sea;8830;-1;-1;-1;-1;;
3191;587;sea;8830;-1;-1;-1;-1;;
3994;2379;sea;8830;-1;-1;-1;-1;;
409;3457;sea;8830;-1;-1;-1;-1;;
3457;1808;sea;8830;-1;-1;-1;-1;;
4805;2771;sea;8830;-1;-1;-1;-1;;
3629;1882;sea;8830;-1;-1;-1;-1;;
4467;3629;sea;8830;-1;-1;-1;-1;;
4858;2072;sea;8830;-1;-1;-1;-1;;
5884;140;sea;8830;-1;-1;-1;-1;;
4528;2180;sea;8829;-1;-1;-1;-1;;
1316;3420;sea;8829;-1;-1;-1;-1;;
2180;4518;sea;8829;-1;-1;-1;-1;;
5878;2648;sea;8829;-1;-1;-1;-1;;
2494;5937;sea;8829;-1;-1;-1;-1;;
4399;3270;sea;8829;-1;-1;-1;-1;;
5930;1216;sea;8829;-1;-1;-1;-1;;
1053;1216;sea;5930;-1;-1;-1;-1;;
2369;2304;sea;8829;-1;-1;-1;-1;;
602;6009;sea;8829;-1;-1;-1;-1;;
766;972;sea;8829;-1;-1;-1;-1;;
6013;6033;sea;8828;-1;-1;-1;-1;;
6033;3053;sea;8828;-1;-1;-1;-1;;
4578;2443;sea;8828;-1;-1;-1;-1;;
2881;2978;sea;8828;-1;-1;-1;-1;;
2881;922;sea;8828;-1;-1;-1;-1;;
922;1274;sea;8828;-1;-1;-1;-1;;
1274;2852;sea;8828;-1;-1;-1;-1;;
3724;5865;sea;8828;-1;-1;-1;-1;;
2785;5017;sea;8828;-1;-1;-1;-1;;
6011;4664;sea;8828;-1;-1;-1;-1;;
6011;6019;sea;8828;-1;-1;-1;-1;;
5904;2040;sea;8837;-1;-1;-1;-1;;
3503;243;sea;8837;-1;-1;-1;-1;;
995;6003;sea;8837;-1;-1;-1;-1;;
1105;5006;sea;8837;-1;-1;-1;-1;;
1500;4103;sea;8837;-1;-1;-1;-1;;
4390;2459;sea;8837;-1;-1;-1;-1;;
1479;5999;sea;8837;-1;-1;-1;-1;;
4692;1874;sea;8837;-1;-1;-1;-1;;
6024;1434;sea;8837;-1;-1;-1;-1;;
2863;3060;sea;8837;-1;-1;-1;-1;;
4774;4587;sea;8837;-1;-1;-1;-1;;
2404;866;sea;8838;-1;-1;-1;-1;;
3345;1368;sea;8838;-1;-1;-1;-1;;
2972;1383;sea;8838;-1;-1;-1;-1;;
8879;5840;sea;8838;-1;-1;-1;-1;;
1157;3780;sea;8838;-1;-1;-1;-1;;
5832;5809;sea;8838;-1;-1;-1;-1;;
2753;713;sea;8838;-1;-1;-1;-1;;
1127;3285;sea;8838;-1;-1;-1;-1;;
5863;5091;sea;8838;-1;-1;-1;-1;;
2143;3064;sea;8838;-1;-1;-1;-1;;
5999;22;sea;8837;-1;-1;-1;-1;;
22;4692;sea;8837;-1;-1;-1;-1;;
22;3224;sea;8837;-1;-1;-1;-1;;
4441;1874;sea;8837;-1;-1;-1;-1;;
6141;3831;sea;8836;-1;-1;-1;-1;;
2075;494;sea;8836;-1;-1;-1;-1;;
494;747;sea;8836;-1;-1;-1;-1;;
747;6088;sea;8836;-1;-1;-1;-1;;
4859;2171;sea;8836;-1;-1;-1;-1;;
3878;3735;sea;8836;-1;-1;-1;-1;;
4446;6137;sea;8836;-1;-1;-1;-1;;
4446;577;sea;8836;-1;-1;-1;-1;;
4631;3055;sea;8825;-1;-1;-1;-1;;
3810;2147;sea;8825;-1;-1;-1;-1;;
2147;1849;sea;8825;-1;-1;-1;-1;;
3379;2777;sea;8827;-1;-1;-1;-1;;
3081;2523;sea;8827;-1;-1;-1;-1;;
4910;6239;sea;8827;-1;-1;-1;-1;;
6239;1529;sea;8827;-1;-1;-1;-1;;
2472;1749;sea;8849;-1;-1;-1;-1;;
1555;277;sea;8849;-1;-1;-1;-1;;
4459;3753;sea;7492;-1;-1;-1;-1;;
4254;4397;sea;7492;-1;-1;-1;-1;;
144;4385;sea;7492;-1;-1;-1;-1;;
3213;1311;sea;7492;-1;-1;-1;-1;;
3820;1214;sea;7492;-1;-1;-1;-1;;
978;4841;sea;8843;-1;-1;-1;-1;;
2461;4182;sea;8854;-1;-1;-1;-1;;
2461;3865;sea;8854;-1;-1;-1;-1;;
2596;565;sea;8854;-1;-1;-1;-1;;
3693;6226;sea;8843;-1;-1;-1;-1;;
277;6338;sea;8843;-1;-1;-1;-1;;
148;3949;sea;7530;-1;-1;-1;-1;;
1996;6287;sea;7530;-1;-1;-1;-1;;
6287;2856;sea;7530;-1;-1;-1;-1;;
6301;2711;sea;7530;-1;-1;-1;-1;;
1378;6353;sea;7489;-1;-1;-1;-1;;
1405;1017;sea;7545;-1;-1;-1;-1;;
4898;2671;sea;7545;-1;-1;-1;-1;;
308;6390;sea;7545;-1;-1;-1;-1;;
6399;4036;sea;7545;-1;-1;-1;-1;;
1730;2556;sea;8862;-1;-1;-1;-1;;
2556;657;sea;8862;-1;-1;-1;-1;;
6305;4584;sea;8862;-1;-1;-1;-1;;
767;2608;sea;8862;-1;-1;-1;-1;;
3154;6330;sea;8862;-1;-1;-1;-1;;
5011;756;sea;8856;-1;-1;-1;-1;;
5011;6392;sea;8856;-1;-1;-1;-1;;
2433;2415;sea;8856;-1;-1;-1;-1;;
4376;1642;sea;8856;-1;-1;-1;-1;;
1554;6380;sea;7720;-1;-1;-1;-1;;
6339;138;sea;7720;-1;-1;-1;-1;;
1970;255;sea;7228;-1;-1;-1;-1;;
3276;3368;sea;8824;-1;-1;-1;-1;;
6264;6248;sea;8824;-1;-1;-1;-1;;
6248;2626;sea;8824;-1;-1;-1;-1;;
407;2690;sea;8824;-1;-1;-1;-1;;
6216;3352;sea;8824;-1;-1;-1;-1;;
1194;2295;sea;8824;-1;-1;-1;-1;;
3765;1194;sea;8824;-1;-1;-1;-1;;
4730;2665;sea;7720;-1;-1;-1;-1;;
4915;2151;sea;7595;-1;-1;-1;-1;;
3874;2959;sea;7595;-1;-1;-1;-1;;
6228;2959;sea;7595;-1;-1;-1;-1;;
6214;188;sea;7914;-1;-1;-1;-1;;
6200;950;sea;7914;-1;-1;-1;-1;;
2216;6163;sea;7914;-1;-1;-1;-1;;
1012;3294;sea;7649;-1;-1;-1;-1;;
1736;1012;sea;7649;-1;-1;-1;-1;;
3194;4063;sea;7712;-1;-1;-1;-1;;
2646;3494;sea;7712;-1;-1;-1;-1;;
2465;2153;sea;7712;-1;-1;-1;-1;;
2153;6172;sea;7712;-1;-1;-1;-1;;
143;6017;sea;7375;-1;-1;-1;-1;;
6017;6054;sea;7375;-1;-1;-1;-1;;
1421;6037;sea;7375;-1;-1;-1;-1;;
4571;3683;sea;7375;-1;-1;-1;-1;;
3903;4128;sea;7327;-1;-1;-1;-1;;
5990;3903;sea;7327;-1;-1;-1;-1;;
5990;3808;sea;7327;-1;-1;-1;-1;;
5885;5900;sea;7719;-1;-1;-1;-1;;
5900;3947;sea;7719;-1;-1;-1;-1;;
131;3819;sea;7719;-1;-1;-1;-1;;
5897;5915;sea;7719;-1;-1;-1;-1;;
1790;4735;sea;8853;-1;-1;-1;-1;;
4558;3309;sea;8853;-1;-1;-1;-1;;
4650;4395;sea;7727;-1;-1;-1;-1;;
4737;5849;sea;7727;-1;-1;-1;-1;;
5807;1640;sea;7727;-1;-1;-1;-1;;
2543;3189;sea;7727;-1;-1;-1;-1;;
4754;4362;sea;8852;-1;-1;-1;-1;;
1265;209;sea;8852;-1;-1;-1;-1;;
3773;1547;sea;8853;-1;-1;-1;-1;;
6819;8870;impassable;-1;-1;-1;-1;-1;;
4030;2213;sea;8819;-1;-1;-1;-1;;
6786;1126;sea;8819;-1;-1;-1;-1;;
867;1126;sea;8819;-1;-1;-1;-1;;
6470;867;sea;8819;-1;-1;-1;-1;;
3032;6470;sea;8819;-1;-1;-1;-1;;
5030;3032;sea;8819;-1;-1;-1;-1;;
620;5030;sea;8819;-1;-1;-1;-1;;
2005;620;sea;8819;-1;-1;-1;-1;;
1943;2005;sea;8819;-1;-1;-1;-1;;
1943;3955;sea;8819;-1;-1;-1;-1;;
4030;3955;sea;8819;-1;-1;-1;-1;;
2213;1942;sea;8819;-1;-1;-1;-1;;
1942;4095;sea;8819;-1;-1;-1;-1;;
1942;1106;sea;8819;-1;-1;-1;-1;;
1411;1106;sea;8819;-1;-1;-1;-1;;
5041;1106;sea;8819;-1;-1;-1;-1;;
1293;5041;sea;8819;-1;-1;-1;-1;;
2526;1293;sea;8819;-1;-1;-1;-1;;
2526;343;sea;8819;-1;-1;-1;-1;;
6420;343;sea;8819;-1;-1;-1;-1;;
3961;343;sea;8819;-1;-1;-1;-1;;
3961;2910;sea;8819;-1;-1;-1;-1;;
1943;2386;sea;8819;-1;-1;-1;-1;;
3429;2386;sea;8819;-1;-1;-1;-1;;
3692;2386;sea;8819;-1;-1;-1;-1;;
3692;4141;sea;8819;-1;-1;-1;-1;;
813;4141;sea;8819;-1;-1;-1;-1;;
813;3892;sea;8819;-1;-1;-1;-1;;
